<?xml version="1.0"?>
<!--<!DOCTYPE metadata SYSTEM "http://www.esri.com/metadata/esriprof80.dtd">-->
<metadata xml:lang="nl"><Esri><CreaDate>20130822</CreaDate><CreaTime>11090000</CreaTime><SyncOnce>FALSE</SyncOnce><SyncDate>20150617</SyncDate><SyncTime>11323500</SyncTime><ModDate>20150617</ModDate><ModTime>11323500</ModTime><DataProperties><lineage><Process ToolSource="c:\program files\arcgis\desktop10.0\ArcToolbox\Toolboxes\Data Management Tools.tbx\CalculateField" Date="20111223" Time="094149">CalculateField habrl200802 GEBOPP_HA 3782 VB #</Process><Process ToolSource="C:\Program Files\ArcGIS\Desktop10.0\ArcToolbox\Toolboxes\Data Management Tools.tbx\CalculateField" Date="20130129" Time="153759">CalculateField habrl2013_aanvullingMaasvallei GEBOPP_HA 779 VB #</Process><Process ToolSource="C:\Program Files\ArcGIS\Desktop10.0\ArcToolbox\Toolboxes\Data Management Tools.tbx\CalculateField" Date="20130129" Time="153852">CalculateField habrl2013_aanvullingMaasvallei POLY_ID 618 VB #</Process><Process Name="Feature Class to Feature Class" ToolSource="c:\Program Files (x86)\ArcGIS\Desktop10.0\ArcToolbox\Toolboxes\Conversion Tools.tbx\FeatureClassToFeatureClass" Date="20150610" Time="154521">FeatureClassToFeatureClass G:\HAC_ICT-GIS\ICT\GIS\BeheerGISdata\InterneData\Habitatrichtlijndeelgebieden\habrl201301\habrl201301.shp G:\HAC_ICT-GIS\ICT\GIS\BeheerGISdata\InterneData\Habitatrichtlijndeelgebieden\habrl201301\ISANBGIS_op_DEV2.sde Habitatrichtlijndeelgebieden_2013 # "AREA "AREA" true true false 19 Double 3 18 ,First,#,G:\HAC_ICT-GIS\ICT\GIS\BeheerGISdata\InterneData\Habitatrichtlijndeelgebieden\habrl201301\habrl201301.shp,AREA,-1,-1;PERIMETER "PERIMETER" true true false 19 Double 3 18 ,First,#,G:\HAC_ICT-GIS\ICT\GIS\BeheerGISdata\InterneData\Habitatrichtlijndeelgebieden\habrl201301\habrl201301.shp,PERIMETER,-1,-1;POLY_ID "POLY_ID" true true false 8 Long 0 8 ,First,#,G:\HAC_ICT-GIS\ICT\GIS\BeheerGISdata\InterneData\Habitatrichtlijndeelgebieden\habrl201301\habrl201301.shp,POLY_ID,-1,-1;VOLGNR "VOLGNR" true true false 5 Long 0 5 ,First,#,G:\HAC_ICT-GIS\ICT\GIS\BeheerGISdata\InterneData\Habitatrichtlijndeelgebieden\habrl201301\habrl201301.shp,VOLGNR,-1,-1;GEBCODE "GEBCODE" true true false 20 Text 0 0 ,First,#,G:\HAC_ICT-GIS\ICT\GIS\BeheerGISdata\InterneData\Habitatrichtlijndeelgebieden\habrl201301\habrl201301.shp,GEBCODE,-1,-1;DEELGEBIED "DEELGEBIED" true true false 20 Text 0 0 ,First,#,G:\HAC_ICT-GIS\ICT\GIS\BeheerGISdata\InterneData\Habitatrichtlijndeelgebieden\habrl201301\habrl201301.shp,DEELGEBIED,-1,-1;GEBOPP_HA "GEBOPP_HA" true true false 8 Long 0 8 ,First,#,G:\HAC_ICT-GIS\ICT\GIS\BeheerGISdata\InterneData\Habitatrichtlijndeelgebieden\habrl201301\habrl201301.shp,GEBOPP_HA,-1,-1;HECTARES "HECTARES" true true false 19 Double 3 18 ,First,#,G:\HAC_ICT-GIS\ICT\GIS\BeheerGISdata\InterneData\Habitatrichtlijndeelgebieden\habrl201301\habrl201301.shp,HECTARES,-1,-1;NAAM "NAAM" true true false 240 Text 0 0 ,First,#,G:\HAC_ICT-GIS\ICT\GIS\BeheerGISdata\InterneData\Habitatrichtlijndeelgebieden\habrl201301\habrl201301.shp,NAAM,-1,-1" #</Process><Process Name="Dissolve" ToolSource="c:\Program Files (x86)\ArcGIS\Desktop10.0\ArcToolbox\Toolboxes\Data Management Tools.tbx\Dissolve" Date="20150610" Time="154528">Dissolve G:\HAC_ICT-GIS\ICT\GIS\BeheerGISdata\InterneData\Habitatrichtlijndeelgebieden\habrl201301\ISANBGIS_op_DEV2.sde\ISANBGIS_DEV2.ISANBGIS.Habitatrichtlijndeelgebieden_2013 G:\HAC_ICT-GIS\ICT\GIS\BeheerGISdata\InterneData\Habitatrichtlijndeelgebieden\habrl201301\ISANBGIS_op_DEV2.sde\ISANBGIS_DEV2.ISANBGIS.Habitatrichtlijn_2013 GEBCODE;NAAM # MULTI_PART DISSOLVE_LINES</Process><Process ToolSource="c:\Program Files (x86)\ArcGIS\Desktop10.0\ArcToolbox\Toolboxes\Conversion Tools.tbx\FeatureClassToFeatureClass" Date="20150617" Time="113237">FeatureClassToFeatureClass "Database Connections\ANB_DEV2GIS01_anbgis_lees.sde\ISANBGIS_DEV2.ISANBGIS.Habitatrichtlijngebieden_2013" G:\HAC_ICT-GIS\ICT\GIS\BeheerGISdata\InterneData\Habitatrichtlijndeelgebieden\OntsluitingViaMercator\DownloadZipPakket ps_hbtrl_deel.shp # "GEBCODE "GEBCODE" true true false 20 Text 0 0 ,First,#,Database Connections\ANB_DEV2GIS01_anbgis_lees.sde\ISANBGIS_DEV2.ISANBGIS.Habitatrichtlijngebieden_2013,GEBCODE,-1,-1;NAAM "NAAM" true true false 240 Text 0 0 ,First,#,Database Connections\ANB_DEV2GIS01_anbgis_lees.sde\ISANBGIS_DEV2.ISANBGIS.Habitatrichtlijngebieden_2013,NAAM,-1,-1;Shape_area "Shape_area" false false true 0 Double 0 0 ,First,#,Database Connections\ANB_DEV2GIS01_anbgis_lees.sde\ISANBGIS_DEV2.ISANBGIS.Habitatrichtlijngebieden_2013,Shape.area,-1,-1;Shape_len "Shape_len" false false true 0 Double 0 0 ,First,#,Database Connections\ANB_DEV2GIS01_anbgis_lees.sde\ISANBGIS_DEV2.ISANBGIS.Habitatrichtlijngebieden_2013,Shape.len,-1,-1" #</Process></lineage><itemProps><itemName Sync="TRUE">ps_hbtrl_deel</itemName><imsContentType Sync="TRUE">002</imsContentType><itemLocation><linkage Sync="TRUE">file://\\BENASDM002V\LNE_ANB_CD\ANBCD\HAC_ICT-GIS\ICT\GIS\BeheerGISdata\InterneData\Habitatrichtlijndeelgebieden\OntsluitingViaMercator\DownloadZipPakket\ps_hbtrl_deel.shp</linkage><protocol Sync="TRUE">Local Area Network</protocol></itemLocation><itemSize Sync="TRUE">0.000</itemSize></itemProps><coordRef><type Sync="TRUE">Projected</type><geogcsn Sync="TRUE">GCS_Belge_1972</geogcsn><csUnits Sync="TRUE">Linear Unit: Meter (1.000000)</csUnits><projcsn Sync="TRUE">Belge_Lambert_1972</projcsn><peXml Sync="TRUE">&lt;ProjectedCoordinateSystem xsi:type='typens:ProjectedCoordinateSystem' xmlns:xsi='http://www.w3.org/2001/XMLSchema-instance' xmlns:xs='http://www.w3.org/2001/XMLSchema' xmlns:typens='http://www.esri.com/schemas/ArcGIS/10.0'&gt;&lt;WKT&gt;PROJCS[&amp;quot;Belge_Lambert_1972&amp;quot;,GEOGCS[&amp;quot;GCS_Belge_1972&amp;quot;,DATUM[&amp;quot;D_Belge_1972&amp;quot;,SPHEROID[&amp;quot;International_1924&amp;quot;,6378388.0,297.0]],PRIMEM[&amp;quot;Greenwich&amp;quot;,0.0],UNIT[&amp;quot;Degree&amp;quot;,0.0174532925199433]],PROJECTION[&amp;quot;Lambert_Conformal_Conic&amp;quot;],PARAMETER[&amp;quot;False_Easting&amp;quot;,150000.01256],PARAMETER[&amp;quot;False_Northing&amp;quot;,5400088.4378],PARAMETER[&amp;quot;Central_Meridian&amp;quot;,4.367486666666666],PARAMETER[&amp;quot;Standard_Parallel_1&amp;quot;,49.8333339],PARAMETER[&amp;quot;Standard_Parallel_2&amp;quot;,51.16666733333333],PARAMETER[&amp;quot;Latitude_Of_Origin&amp;quot;,90.0],UNIT[&amp;quot;Meter&amp;quot;,1.0]]&lt;/WKT&gt;&lt;XOrigin&gt;-35872700&lt;/XOrigin&gt;&lt;YOrigin&gt;-30622700&lt;/YOrigin&gt;&lt;XYScale&gt;125021156.86415774&lt;/XYScale&gt;&lt;ZOrigin&gt;-100000&lt;/ZOrigin&gt;&lt;ZScale&gt;10000&lt;/ZScale&gt;&lt;MOrigin&gt;-100000&lt;/MOrigin&gt;&lt;MScale&gt;10000&lt;/MScale&gt;&lt;XYTolerance&gt;0.001&lt;/XYTolerance&gt;&lt;ZTolerance&gt;0.001&lt;/ZTolerance&gt;&lt;MTolerance&gt;0.001&lt;/MTolerance&gt;&lt;HighPrecision&gt;true&lt;/HighPrecision&gt;&lt;/ProjectedCoordinateSystem&gt;</peXml></coordRef></DataProperties><ArcGISFormat>1.0</ArcGISFormat></Esri><idinfo><native Sync="TRUE">Microsoft Windows 2000 Version 5.0 (Build 2195) Service Pack 4; ESRI ArcCatalog 8.3.0.800</native><descript><langdata Sync="TRUE">nl</langdata><abstract>REQUIRED: A brief narrative summary of the data set.</abstract><purpose>REQUIRED: A summary of the intentions with which the data set was developed.</purpose></descript><citation><citeinfo><origin>REQUIRED: The name of an organization or individual that developed the data set.</origin><pubdate>REQUIRED: The date when the data set is published or otherwise made available for release.</pubdate><title Sync="TRUE">habrl200105</title><ftname Sync="TRUE">habrl200105</ftname><geoform Sync="TRUE">vector digital data</geoform><onlink Sync="TRUE"></onlink></citeinfo></citation><timeperd><current>REQUIRED: The basis on which the time period of content information is determined.</current><timeinfo><sngdate><caldate>REQUIRED: The year (and optionally month, or month and day) for which the data set corresponds to the ground.</caldate></sngdate></timeinfo></timeperd><status><progress>REQUIRED: The state of the data set.</progress><update>REQUIRED: The frequency with which changes and additions are made to the data set after the initial data set is completed.</update></status><spdom><bounding><westbc Sync="TRUE">2.526015</westbc><eastbc Sync="TRUE">5.934792</eastbc><northbc Sync="TRUE">51.500090</northbc><southbc Sync="TRUE">50.675985</southbc></bounding><lboundng><leftbc Sync="TRUE">22084.250000</leftbc><rightbc Sync="TRUE">258864.953125</rightbc><bottombc Sync="TRUE">153207.359375</bottombc><topbc Sync="TRUE">243332.984375</topbc></lboundng></spdom><keywords><theme><themekt>REQUIRED: Reference to a formally registered thesaurus or a similar authoritative source of theme keywords.</themekt><themekey>REQUIRED: Common-use word or phrase used to describe the subject of the data set.</themekey></theme></keywords><accconst>REQUIRED: Restrictions and legal prerequisites for accessing the data set.</accconst><useconst>REQUIRED: Restrictions and legal prerequisites for using the data set after access is granted.</useconst><natvform Sync="TRUE">Shapefile</natvform></idinfo><dataIdInfo><envirDesc Sync="TRUE">Microsoft Windows 7 Version 6.1 (Build 7601) Service Pack 1; ESRI ArcGIS 10.0.5.4400</envirDesc><dataLang><languageCode Sync="TRUE" value="nld"></languageCode><countryCode value="BEL" Sync="TRUE"></countryCode></dataLang><idCitation><resTitle Sync="TRUE">ps_hbtrl_deel</resTitle><presForm><PresFormCd Sync="TRUE" value="005"></PresFormCd></presForm></idCitation><spatRpType><SpatRepTypCd Sync="TRUE" value="001"></SpatRepTypCd></spatRpType><dataExt><geoEle><GeoBndBox esriExtentType="native"><westBL Sync="TRUE">22084.25</westBL><eastBL Sync="TRUE">258864.953125</eastBL><northBL Sync="TRUE">243332.984375</northBL><southBL Sync="TRUE">153207.359375</southBL><exTypeCode Sync="TRUE">1</exTypeCode></GeoBndBox></geoEle></dataExt><geoBox esriExtentType="decdegrees"><westBL Sync="TRUE">2.526015</westBL><eastBL Sync="TRUE">5.934792</eastBL><northBL Sync="TRUE">51.50009</northBL><southBL Sync="TRUE">50.675985</southBL><exTypeCode Sync="TRUE">1</exTypeCode></geoBox></dataIdInfo><metainfo><langmeta Sync="TRUE">nl</langmeta><metstdn Sync="TRUE">FGDC Content Standards for Digital Geospatial Metadata</metstdn><metstdv Sync="TRUE">FGDC-STD-001-1998</metstdv><mettc Sync="TRUE">local time</mettc><metc><cntinfo><cntorgp><cntper>REQUIRED: The person responsible for the metadata information.</cntper><cntorg>REQUIRED: The organization responsible for the metadata information.</cntorg></cntorgp><cntaddr><addrtype>REQUIRED: The mailing and/or physical address for the organization or individual.</addrtype><city>REQUIRED: The city of the address.</city><state>REQUIRED: The state or province of the address.</state><postal>REQUIRED: The ZIP or other postal code of the address.</postal></cntaddr><cntvoice>REQUIRED: The telephone number by which individuals can speak to the organization or individual.</cntvoice></cntinfo></metc><metd Sync="TRUE">20040810</metd></metainfo><mdLang><languageCode Sync="TRUE" value="nld"></languageCode><countryCode value="BEL" Sync="TRUE"></countryCode></mdLang><mdStanName Sync="TRUE">ISO 19115 Geographic Information - Metadata</mdStanName><mdStanVer Sync="TRUE">DIS_ESRI1.0</mdStanVer><mdChar><CharSetCd Sync="TRUE" value="004"></CharSetCd></mdChar><mdHrLv><ScopeCd Sync="TRUE" value="005"></ScopeCd></mdHrLv><mdHrLvName Sync="TRUE">dataset</mdHrLvName><distinfo><resdesc Sync="TRUE">Downloadable Data</resdesc><stdorder><digform><digtinfo><transize Sync="TRUE">1,225</transize><dssize Sync="TRUE">1,225</dssize></digtinfo></digform></stdorder></distinfo><distInfo><distributor><distorTran><onLineSrc><orDesc Sync="TRUE">002</orDesc><linkage Sync="TRUE">file://</linkage><protocol Sync="TRUE">Local Area Network</protocol></onLineSrc><transSize Sync="TRUE">1,225</transSize></distorTran><distorFormat><formatName Sync="TRUE">Shapefile</formatName></distorFormat></distributor><distFormat><formatName Sync="TRUE">Shapefile</formatName></distFormat><distTranOps><transSize Sync="TRUE">0.000</transSize></distTranOps></distInfo><spdoinfo><direct Sync="TRUE">Vector</direct><ptvctinf><esriterm><efeatyp Sync="TRUE">Simple</efeatyp><efeageom code="4" Sync="TRUE"></efeageom><esritopo Sync="TRUE">FALSE</esritopo><efeacnt Sync="TRUE">0</efeacnt><spindex Sync="TRUE">FALSE</spindex><linrefer Sync="TRUE">FALSE</linrefer></esriterm></ptvctinf></spdoinfo><spref><horizsys><cordsysn><geogcsn Sync="TRUE">GCS_Belge_1972</geogcsn><projcsn Sync="TRUE">Belge_Lambert_1972</projcsn></cordsysn><planar><planci><plance Sync="TRUE">coordinate pair</plance><plandu Sync="TRUE">meters</plandu><coordrep><absres Sync="TRUE">0.000512</absres><ordres Sync="TRUE">0.000512</ordres></coordrep></planci></planar><geodetic><horizdn Sync="TRUE">D_Belge_1972</horizdn><ellips Sync="TRUE">International_1924</ellips><semiaxis Sync="TRUE">6378388.000000</semiaxis><denflat Sync="TRUE">297.000000</denflat></geodetic></horizsys></spref><refSysInfo><RefSystem><refSysID><identCode Sync="TRUE" value="0">Belge_Lambert_1972</identCode></refSysID></RefSystem></refSysInfo><spatRepInfo><VectSpatRep><geometObjs Name="ps_hbtrl_deel"><geoObjTyp><GeoObjTypCd value="002" Sync="TRUE"></GeoObjTypCd></geoObjTyp><geoObjCnt Sync="TRUE">0</geoObjCnt></geometObjs><topLvl><TopoLevCd value="001" Sync="TRUE"></TopoLevCd></topLvl></VectSpatRep></spatRepInfo><eainfo><detailed Name="ps_hbtrl_deel"><enttyp><enttypl Sync="TRUE">ps_hbtrl_deel</enttypl><enttypt Sync="TRUE">Feature Class</enttypt><enttypc Sync="TRUE">0</enttypc></enttyp><attr><attrlabl Sync="TRUE">FID</attrlabl><attalias Sync="TRUE">FID</attalias><attrtype Sync="TRUE">OID</attrtype><attwidth Sync="TRUE">4</attwidth><atprecis Sync="TRUE">0</atprecis><attscale Sync="TRUE">0</attscale><attrdef Sync="TRUE">Internal feature number.</attrdef><attrdefs Sync="TRUE">ESRI</attrdefs><attrdomv><udom Sync="TRUE">Sequential unique whole numbers that are automatically generated.</udom></attrdomv></attr><attr><attrlabl Sync="TRUE">Shape</attrlabl><attalias Sync="TRUE">Shape</attalias><attrtype Sync="TRUE">Geometry</attrtype><attwidth Sync="TRUE">0</attwidth><atprecis Sync="TRUE">0</atprecis><attscale Sync="TRUE">0</attscale><attrdef Sync="TRUE">Feature geometry.</attrdef><attrdefs Sync="TRUE">ESRI</attrdefs><attrdomv><udom Sync="TRUE">Coordinates defining the features.</udom></attrdomv></attr><attr><attrlabl Sync="TRUE">GEBCODE</attrlabl><attalias Sync="TRUE">GEBCODE</attalias><attrtype Sync="TRUE">String</attrtype><attwidth Sync="TRUE">20</attwidth><atprecis Sync="TRUE">0</atprecis><attscale Sync="TRUE">0</attscale></attr><attr><attrlabl Sync="TRUE">NAAM</attrlabl><attalias Sync="TRUE">NAAM</attalias><attrtype Sync="TRUE">String</attrtype><attwidth Sync="TRUE">240</attwidth><atprecis Sync="TRUE">0</atprecis><attscale Sync="TRUE">0</attscale></attr><attr><attrlabl Sync="TRUE">Shape_area</attrlabl><attalias Sync="TRUE">Shape_area</attalias><attrtype Sync="TRUE">Double</attrtype><attwidth Sync="TRUE">19</attwidth><atprecis Sync="TRUE">0</atprecis><attscale Sync="TRUE">0</attscale><attrdef Sync="TRUE">Area of feature in internal units squared.</attrdef><attrdefs Sync="TRUE">ESRI</attrdefs><attrdomv><udom Sync="TRUE">Positive real numbers that are automatically generated.</udom></attrdomv></attr><attr><attrlabl Sync="TRUE">Shape_len</attrlabl><attalias Sync="TRUE">Shape_len</attalias><attrtype Sync="TRUE">Double</attrtype><attwidth Sync="TRUE">19</attwidth><atprecis Sync="TRUE">0</atprecis><attscale Sync="TRUE">0</attscale></attr></detailed></eainfo><mdDateSt Sync="TRUE">20150617</mdDateSt><dataqual><lineage><procstep><procdesc Sync="TRUE">Dataset copied.</procdesc><srcused Sync="TRUE"></srcused><date Sync="TRUE">20080506</date><time Sync="TRUE">16541100</time></procstep><procstep><procdesc Sync="TRUE">Dataset copied.</procdesc><srcused Sync="TRUE"></srcused><date Sync="TRUE">20080507</date><time Sync="TRUE">11490400</time></procstep></lineage></dataqual></metadata>
