<metadata xml:lang="en"><Esri><CreaDate>20191113</CreaDate><CreaTime>10233000</CreaTime><ArcGISFormat>1.0</ArcGISFormat><SyncOnce>FALSE</SyncOnce><DataProperties><lineage><Process ToolSource="C:\Program Files (x86)\ArcGIS\Desktop10.0\ArcToolbox\Toolboxes\Data Management Tools.tbx\Append" Date="20150315" Time="084011">Append 'Database Connections\ngi_viewer.sde\ITGI_ADM.AD_StatisticSector' "Database Connections\adm@ign-sp-itgi-1.sde\itgi.adm.AD_StatisticSector" NO_TEST "xyorigin "XYORIGIN" true true false 4 Long 0 10 ,First,#,Database Connections\ngi_viewer.sde\ITGI_ADM.AD_StatisticSector,XYORIGIN,-1,-1;zorigin "ZORIGIN" true true false 4 Long 0 10 ,First,#,Database Connections\ngi_viewer.sde\ITGI_ADM.AD_StatisticSector,ZORIGIN,-1,-1;modificationdate "modificationdate" true true false 36 Date 0 0 ,First,#,Database Connections\ngi_viewer.sde\ITGI_ADM.AD_StatisticSector,MODIFICATIONDATE,-1,-1;niscode "niscode" true true false 255 Text 0 0 ,First,#,Database Connections\ngi_viewer.sde\ITGI_ADM.AD_StatisticSector,NISCODE,-1,-1;xyextrainfo "xyextrainfo" true true false 38 Text 0 0 ,First,#,Database Connections\ngi_viewer.sde\ITGI_ADM.AD_StatisticSector,XYEXTRAINFO,-1,-1;zextrainfo "zextrainfo" true true false 38 Text 0 0 ,First,#,Database Connections\ngi_viewer.sde\ITGI_ADM.AD_StatisticSector,ZEXTRAINFO,-1,-1;tgid "tgid" true true false 38 Text 0 0 ,First,#,Database Connections\ngi_viewer.sde\ITGI_ADM.AD_StatisticSector,TGID,-1,-1;tgid_municipality "tgid_municipality" true true false 38 Text 0 0 ,First,#,Database Connections\ngi_viewer.sde\ITGI_ADM.AD_StatisticSector,TGID_MUNICIPALITY,-1,-1;st_area(shape) "st_area(shape)" false false true 0 Double 0 0 ,First,#;st_length(shape) "st_length(shape)" false false true 0 Double 0 0 ,First,#" #</Process><Process ToolSource="C:\Program Files (x86)\ArcGIS\Desktop10.0\ArcToolbox\Toolboxes\Data Management Tools.tbx\ChangePrivileges" Date="20150316" Time="093139">ChangePrivileges 'Database Connections\adm@ign-sp-itgi-1.sde\itgi.adm.AD_BelgianMaritimeZone';'Database Connections\adm@ign-sp-itgi-1.sde\itgi.adm.AD_BelgianMaritimeZone_50';'Database Connections\adm@ign-sp-itgi-1.sde\itgi.adm.AD_BorderMarker';'Database Connections\adm@ign-sp-itgi-1.sde\itgi.adm.AD_BorderMarker_50';'Database Connections\adm@ign-sp-itgi-1.sde\itgi.adm.AD_Country';'Database Connections\adm@ign-sp-itgi-1.sde\itgi.adm.AD_District';'Database Connections\adm@ign-sp-itgi-1.sde\itgi.adm.AD_Municipality';'Database Connections\adm@ign-sp-itgi-1.sde\itgi.adm.AD_Municipality_50';'Database Connections\adm@ign-sp-itgi-1.sde\itgi.adm.AD_Province';'Database Connections\adm@ign-sp-itgi-1.sde\itgi.adm.AD_Region';'Database Connections\adm@ign-sp-itgi-1.sde\itgi.adm.AD_StatisticSector';'Database Connections\adm@ign-sp-itgi-1.sde\itgi.adm.ARCHIVES';'Database Connections\adm@ign-sp-itgi-1.sde\itgi.adm.CO_AdditionalPointGeometry';'Database Connections\adm@ign-sp-itgi-1.sde\itgi.adm.CO_AdditionalPolygonGeometry';'Database Connections\adm@ign-sp-itgi-1.sde\itgi.adm.CO_BRIDGECARRIESCONSTRUCTION';'Database Connections\adm@ign-sp-itgi-1.sde\itgi.adm.CO_Brunnel';'Database Connections\adm@ign-sp-itgi-1.sde\itgi.adm.CO_BrunnelOverBrunnel';'Database Connections\adm@ign-sp-itgi-1.sde\itgi.adm.CO_Building';'Database Connections\adm@ign-sp-itgi-1.sde\itgi.adm.CO_ParticularLineConstr_50';'Database Connections\adm@ign-sp-itgi-1.sde\itgi.adm.CO_ParticularLineConstruction';'Database Connections\adm@ign-sp-itgi-1.sde\itgi.adm.CO_ParticularPointConstr_50';'Database Connections\adm@ign-sp-itgi-1.sde\itgi.adm.CO_ParticularPointConstruction';'Database Connections\adm@ign-sp-itgi-1.sde\itgi.adm.CO_ParticularPolyConstr_50';'Database Connections\adm@ign-sp-itgi-1.sde\itgi.adm.CO_ParticularPolyConstruction';'Database Connections\adm@ign-sp-itgi-1.sde\itgi.adm.CO_PointBuilding_50';'Database Connections\adm@ign-sp-itgi-1.sde\itgi.adm.CO_PolyBuilding_50';'Database Connections\adm@ign-sp-itgi-1.sde\itgi.adm.CO_SecondaryBuildingUse';'Database Connections\adm@ign-sp-itgi-1.sde\itgi.adm.DEL_RemovedLine';'Database Connections\adm@ign-sp-itgi-1.sde\itgi.adm.DEL_RemovedPoint';'Database Connections\adm@ign-sp-itgi-1.sde\itgi.adm.DEL_RemovedPolygon';'Database Connections\adm@ign-sp-itgi-1.sde\itgi.adm.EX_FEATUREOBJECTHASTOPONYM';'Database Connections\adm@ign-sp-itgi-1.sde\itgi.adm.EX_FeatureObjectHasToponym_50';'Database Connections\adm@ign-sp-itgi-1.sde\itgi.adm.EX_GeodeticPoint';'Database Connections\adm@ign-sp-itgi-1.sde\itgi.adm.EX_GeodeticPoint_50';'Database Connections\adm@ign-sp-itgi-1.sde\itgi.adm.EX_TOPONYMICOBJECT';'Database Connections\adm@ign-sp-itgi-1.sde\itgi.adm.EX_ToponymicPoint';'Database Connections\adm@ign-sp-itgi-1.sde\itgi.adm.HT_HighTensionLineSegment';'Database Connections\adm@ign-sp-itgi-1.sde\itgi.adm.HT_HighTensionLineSegment_50';'Database Connections\adm@ign-sp-itgi-1.sde\itgi.adm.HT_PowerPylon';'Database Connections\adm@ign-sp-itgi-1.sde\itgi.adm.HT_ThreePhaseLine';'Database Connections\adm@ign-sp-itgi-1.sde\itgi.adm.HT_TPLINEUSESHTSEGMENT';'Database Connections\adm@ign-sp-itgi-1.sde\itgi.adm.HY_NamedWatercourse';'Database Connections\adm@ign-sp-itgi-1.sde\itgi.adm.HY_WATCRSEHASWATCRSESEGMENT';'Database Connections\adm@ign-sp-itgi-1.sde\itgi.adm.HY_WatcrseHasWatcrseSegment_50';'Database Connections\adm@ign-sp-itgi-1.sde\itgi.adm.HY_WatercourseSegment';'Database Connections\adm@ign-sp-itgi-1.sde\itgi.adm.HY_WatercourseSegment_50';'Database Connections\adm@ign-sp-itgi-1.sde\itgi.adm.HY_WatercourseSurface';'Database Connections\adm@ign-sp-itgi-1.sde\itgi.adm.HY_WatercourseSurface_50';'Database Connections\adm@ign-sp-itgi-1.sde\itgi.adm.HY_WaterPoint';'Database Connections\adm@ign-sp-itgi-1.sde\itgi.adm.HY_WaterSurface';'Database Connections\adm@ign-sp-itgi-1.sde\itgi.adm.HY_WaterSurface_50';'Database Connections\adm@ign-sp-itgi-1.sde\itgi.adm.HY_Wetland';'Database Connections\adm@ign-sp-itgi-1.sde\itgi.adm.HY_Wetland_50';'Database Connections\adm@ign-sp-itgi-1.sde\itgi.adm.LC_GroundLevelIsolatedVeg';'Database Connections\adm@ign-sp-itgi-1.sde\itgi.adm.LC_GroundLevelLandcoverZone';'Database Connections\adm@ign-sp-itgi-1.sde\itgi.adm.LC_GroundLevelLinearVeg';'Database Connections\adm@ign-sp-itgi-1.sde\itgi.adm.LC_LandcoverZone_50';'Database Connections\adm@ign-sp-itgi-1.sde\itgi.adm.LC_LinearVegetation_50';'Database Connections\adm@ign-sp-itgi-1.sde\itgi.adm.LC_RemarkableTree_50';'Database Connections\adm@ign-sp-itgi-1.sde\itgi.adm.LC_TopLevelIsolatedVeg';'Database Connections\adm@ign-sp-itgi-1.sde\itgi.adm.LC_TopLevelLandcoverZone';'Database Connections\adm@ign-sp-itgi-1.sde\itgi.adm.LC_TopLevelLinearVeg';'Database Connections\adm@ign-sp-itgi-1.sde\itgi.adm.LR_AdditionalSlopeSurface';'Database Connections\adm@ign-sp-itgi-1.sde\itgi.adm.LR_CaveEntrance';'Database Connections\adm@ign-sp-itgi-1.sde\itgi.adm.LR_ConeshapedSlagheap';'Database Connections\adm@ign-sp-itgi-1.sde\itgi.adm.LR_DuneZone';'Database Connections\adm@ign-sp-itgi-1.sde\itgi.adm.LR_DuneZone_50';'Database Connections\adm@ign-sp-itgi-1.sde\itgi.adm.LR_EarthBank';'Database Connections\adm@ign-sp-itgi-1.sde\itgi.adm.LR_Embankment';'Database Connections\adm@ign-sp-itgi-1.sde\itgi.adm.LR_HistoricMound';'Database Connections\adm@ign-sp-itgi-1.sde\itgi.adm.LR_MicroReliefPoint_50';'Database Connections\adm@ign-sp-itgi-1.sde\itgi.adm.LR_MicroReliefSegment_50';'Database Connections\adm@ign-sp-itgi-1.sde\itgi.adm.LR_Steep';'Database Connections\adm@ign-sp-itgi-1.sde\itgi.adm.NET_BRIDGECARRIESKMMARKER';'Database Connections\adm@ign-sp-itgi-1.sde\itgi.adm.NET_BRIDGECARRIESNETWORKSEG';'Database Connections\adm@ign-sp-itgi-1.sde\itgi.adm.NET_BRIDGECARRIESNETWORKSURF';'Database Connections\adm@ign-sp-itgi-1.sde\itgi.adm.NET_KilometreMarker';'Database Connections\adm@ign-sp-itgi-1.sde\itgi.adm.NET_KilometreMarker_50';'Database Connections\adm@ign-sp-itgi-1.sde\itgi.adm.NET_TUNNELHASKMMARKER';'Database Connections\adm@ign-sp-itgi-1.sde\itgi.adm.NET_TUNNELHASNETWORKSEG';'Database Connections\adm@ign-sp-itgi-1.sde\itgi.adm.NET_TUNNELHASNETWORKSURF';'Database Connections\adm@ign-sp-itgi-1.sde\itgi.adm.RA_NumberedRailway';'Database Connections\adm@ign-sp-itgi-1.sde\itgi.adm.RA_RAILWAYHASRAILSEGMENT';'Database Connections\adm@ign-sp-itgi-1.sde\itgi.adm.RA_RailwayHasRailSegment_50';'Database Connections\adm@ign-sp-itgi-1.sde\itgi.adm.RA_RailwayStop';'Database Connections\adm@ign-sp-itgi-1.sde\itgi.adm.RA_RailwayStop_50';'Database Connections\adm@ign-sp-itgi-1.sde\itgi.adm.RA_RailwaySurface';'Database Connections\adm@ign-sp-itgi-1.sde\itgi.adm.RA_RailwayTrackSegment';'Database Connections\adm@ign-sp-itgi-1.sde\itgi.adm.RA_RailwayTrackSegment_50';'Database Connections\adm@ign-sp-itgi-1.sde\itgi.adm.RO_ConnectingRoadSurface';'Database Connections\adm@ign-sp-itgi-1.sde\itgi.adm.RO_DirtRoadSegment';'Database Connections\adm@ign-sp-itgi-1.sde\itgi.adm.RO_DirtRoadSegment_50';'Database Connections\adm@ign-sp-itgi-1.sde\itgi.adm.RO_EuropeanNumberedRoad';'Database Connections\adm@ign-sp-itgi-1.sde\itgi.adm.RO_EURROADHASROADSEG';'Database Connections\adm@ign-sp-itgi-1.sde\itgi.adm.RO_EurRoadHasRoadSeg_50';'Database Connections\adm@ign-sp-itgi-1.sde\itgi.adm.RO_LargeRoundabout_50';'Database Connections\adm@ign-sp-itgi-1.sde\itgi.adm.RO_MunicipalityHasRoadSeg';'Database Connections\adm@ign-sp-itgi-1.sde\itgi.adm.RO_NationalNumberedRoad';'Database Connections\adm@ign-sp-itgi-1.sde\itgi.adm.RO_NatRegNumberedRoad';'Database Connections\adm@ign-sp-itgi-1.sde\itgi.adm.RO_NatRegRoadHasRoadSeg';'Database Connections\adm@ign-sp-itgi-1.sde\itgi.adm.RO_NatRoadHasAccessExit_50';'Database Connections\adm@ign-sp-itgi-1.sde\itgi.adm.RO_NATROADHASROADSEG';'Database Connections\adm@ign-sp-itgi-1.sde\itgi.adm.RO_NatRoadHasRoadSeg_50';'Database Connections\adm@ign-sp-itgi-1.sde\itgi.adm.RO_Obstruction';'Database Connections\adm@ign-sp-itgi-1.sde\itgi.adm.RO_OrdinaryRoadSurface';'Database Connections\adm@ign-sp-itgi-1.sde\itgi.adm.RO_PathSegment';'Database Connections\adm@ign-sp-itgi-1.sde\itgi.adm.RO_PathSegment_50';'Database Connections\adm@ign-sp-itgi-1.sde\itgi.adm.RO_RoadSegment';'Database Connections\adm@ign-sp-itgi-1.sde\itgi.adm.RO_RoadSegment_50';'Database Connections\adm@ign-sp-itgi-1.sde\itgi.adm.RO_StreetName';'Database Connections\adm@ign-sp-itgi-1.sde\itgi.adm.RO_StreetNameStatus';'Database Connections\adm@ign-sp-itgi-1.sde\itgi.adm.SP_Grid_10k';'Database Connections\adm@ign-sp-itgi-1.sde\itgi.adm.SP_Grid_50k';'Database Connections\adm@ign-sp-itgi-1.sde\itgi.adm.ZO_MilitaryDomain';'Database Connections\adm@ign-sp-itgi-1.sde\itgi.adm.ZO_ParticularPointZone_50';'Database Connections\adm@ign-sp-itgi-1.sde\itgi.adm.ZO_ParticularZone';'Database Connections\adm@ign-sp-itgi-1.sde\itgi.adm.ZO_ParticularZone_50' ngi_viewer GRANT #</Process><Process ToolSource="C:\Program Files (x86)\ArcGIS\Desktop10.0\ArcToolbox\Toolboxes\Data Management Tools.tbx\ChangePrivileges" Date="20150316" Time="093652">ChangePrivileges 'Database Connections\adm@ign-sp-itgi-1.sde\itgi.adm.AD_BelgianMaritimeZone';'Database Connections\adm@ign-sp-itgi-1.sde\itgi.adm.AD_BelgianMaritimeZone_50';'Database Connections\adm@ign-sp-itgi-1.sde\itgi.adm.AD_BorderMarker';'Database Connections\adm@ign-sp-itgi-1.sde\itgi.adm.AD_BorderMarker_50';'Database Connections\adm@ign-sp-itgi-1.sde\itgi.adm.AD_Country';'Database Connections\adm@ign-sp-itgi-1.sde\itgi.adm.AD_District';'Database Connections\adm@ign-sp-itgi-1.sde\itgi.adm.AD_Municipality';'Database Connections\adm@ign-sp-itgi-1.sde\itgi.adm.AD_Municipality_50';'Database Connections\adm@ign-sp-itgi-1.sde\itgi.adm.AD_Province';'Database Connections\adm@ign-sp-itgi-1.sde\itgi.adm.AD_Region';'Database Connections\adm@ign-sp-itgi-1.sde\itgi.adm.AD_StatisticSector';'Database Connections\adm@ign-sp-itgi-1.sde\itgi.adm.ARCHIVES';'Database Connections\adm@ign-sp-itgi-1.sde\itgi.adm.CO_AdditionalPointGeometry';'Database Connections\adm@ign-sp-itgi-1.sde\itgi.adm.CO_AdditionalPolygonGeometry';'Database Connections\adm@ign-sp-itgi-1.sde\itgi.adm.CO_BRIDGECARRIESCONSTRUCTION';'Database Connections\adm@ign-sp-itgi-1.sde\itgi.adm.CO_Brunnel';'Database Connections\adm@ign-sp-itgi-1.sde\itgi.adm.CO_BrunnelOverBrunnel';'Database Connections\adm@ign-sp-itgi-1.sde\itgi.adm.CO_Building';'Database Connections\adm@ign-sp-itgi-1.sde\itgi.adm.CO_ParticularLineConstr_50';'Database Connections\adm@ign-sp-itgi-1.sde\itgi.adm.CO_ParticularLineConstruction';'Database Connections\adm@ign-sp-itgi-1.sde\itgi.adm.CO_ParticularPointConstr_50';'Database Connections\adm@ign-sp-itgi-1.sde\itgi.adm.CO_ParticularPointConstruction';'Database Connections\adm@ign-sp-itgi-1.sde\itgi.adm.CO_ParticularPolyConstr_50';'Database Connections\adm@ign-sp-itgi-1.sde\itgi.adm.CO_ParticularPolyConstruction';'Database Connections\adm@ign-sp-itgi-1.sde\itgi.adm.CO_PointBuilding_50';'Database Connections\adm@ign-sp-itgi-1.sde\itgi.adm.CO_PolyBuilding_50';'Database Connections\adm@ign-sp-itgi-1.sde\itgi.adm.CO_SecondaryBuildingUse';'Database Connections\adm@ign-sp-itgi-1.sde\itgi.adm.DEL_RemovedLine';'Database Connections\adm@ign-sp-itgi-1.sde\itgi.adm.DEL_RemovedPoint';'Database Connections\adm@ign-sp-itgi-1.sde\itgi.adm.DEL_RemovedPolygon';'Database Connections\adm@ign-sp-itgi-1.sde\itgi.adm.EX_FEATUREOBJECTHASTOPONYM';'Database Connections\adm@ign-sp-itgi-1.sde\itgi.adm.EX_FeatureObjectHasToponym_50';'Database Connections\adm@ign-sp-itgi-1.sde\itgi.adm.EX_GeodeticPoint';'Database Connections\adm@ign-sp-itgi-1.sde\itgi.adm.EX_GeodeticPoint_50';'Database Connections\adm@ign-sp-itgi-1.sde\itgi.adm.EX_TOPONYMICOBJECT';'Database Connections\adm@ign-sp-itgi-1.sde\itgi.adm.EX_ToponymicPoint';'Database Connections\adm@ign-sp-itgi-1.sde\itgi.adm.HT_HighTensionLineSegment';'Database Connections\adm@ign-sp-itgi-1.sde\itgi.adm.HT_HighTensionLineSegment_50';'Database Connections\adm@ign-sp-itgi-1.sde\itgi.adm.HT_PowerPylon';'Database Connections\adm@ign-sp-itgi-1.sde\itgi.adm.HT_ThreePhaseLine';'Database Connections\adm@ign-sp-itgi-1.sde\itgi.adm.HT_TPLINEUSESHTSEGMENT';'Database Connections\adm@ign-sp-itgi-1.sde\itgi.adm.HY_NamedWatercourse';'Database Connections\adm@ign-sp-itgi-1.sde\itgi.adm.HY_WATCRSEHASWATCRSESEGMENT';'Database Connections\adm@ign-sp-itgi-1.sde\itgi.adm.HY_WatcrseHasWatcrseSegment_50';'Database Connections\adm@ign-sp-itgi-1.sde\itgi.adm.HY_WatercourseSegment';'Database Connections\adm@ign-sp-itgi-1.sde\itgi.adm.HY_WatercourseSegment_50';'Database Connections\adm@ign-sp-itgi-1.sde\itgi.adm.HY_WatercourseSurface';'Database Connections\adm@ign-sp-itgi-1.sde\itgi.adm.HY_WatercourseSurface_50';'Database Connections\adm@ign-sp-itgi-1.sde\itgi.adm.HY_WaterPoint';'Database Connections\adm@ign-sp-itgi-1.sde\itgi.adm.HY_WaterSurface';'Database Connections\adm@ign-sp-itgi-1.sde\itgi.adm.HY_WaterSurface_50';'Database Connections\adm@ign-sp-itgi-1.sde\itgi.adm.HY_Wetland';'Database Connections\adm@ign-sp-itgi-1.sde\itgi.adm.HY_Wetland_50';'Database Connections\adm@ign-sp-itgi-1.sde\itgi.adm.LC_GroundLevelIsolatedVeg';'Database Connections\adm@ign-sp-itgi-1.sde\itgi.adm.LC_GroundLevelLandcoverZone';'Database Connections\adm@ign-sp-itgi-1.sde\itgi.adm.LC_GroundLevelLinearVeg';'Database Connections\adm@ign-sp-itgi-1.sde\itgi.adm.LC_LandcoverZone_50';'Database Connections\adm@ign-sp-itgi-1.sde\itgi.adm.LC_LinearVegetation_50';'Database Connections\adm@ign-sp-itgi-1.sde\itgi.adm.LC_RemarkableTree_50';'Database Connections\adm@ign-sp-itgi-1.sde\itgi.adm.LC_TopLevelIsolatedVeg';'Database Connections\adm@ign-sp-itgi-1.sde\itgi.adm.LC_TopLevelLandcoverZone';'Database Connections\adm@ign-sp-itgi-1.sde\itgi.adm.LC_TopLevelLinearVeg';'Database Connections\adm@ign-sp-itgi-1.sde\itgi.adm.LR_AdditionalSlopeSurface';'Database Connections\adm@ign-sp-itgi-1.sde\itgi.adm.LR_CaveEntrance';'Database Connections\adm@ign-sp-itgi-1.sde\itgi.adm.LR_ConeshapedSlagheap';'Database Connections\adm@ign-sp-itgi-1.sde\itgi.adm.LR_DuneZone';'Database Connections\adm@ign-sp-itgi-1.sde\itgi.adm.LR_DuneZone_50';'Database Connections\adm@ign-sp-itgi-1.sde\itgi.adm.LR_EarthBank';'Database Connections\adm@ign-sp-itgi-1.sde\itgi.adm.LR_Embankment';'Database Connections\adm@ign-sp-itgi-1.sde\itgi.adm.LR_HistoricMound';'Database Connections\adm@ign-sp-itgi-1.sde\itgi.adm.LR_MicroReliefPoint_50';'Database Connections\adm@ign-sp-itgi-1.sde\itgi.adm.LR_MicroReliefSegment_50';'Database Connections\adm@ign-sp-itgi-1.sde\itgi.adm.LR_Steep';'Database Connections\adm@ign-sp-itgi-1.sde\itgi.adm.NET_BRIDGECARRIESKMMARKER';'Database Connections\adm@ign-sp-itgi-1.sde\itgi.adm.NET_BRIDGECARRIESNETWORKSEG';'Database Connections\adm@ign-sp-itgi-1.sde\itgi.adm.NET_BRIDGECARRIESNETWORKSURF';'Database Connections\adm@ign-sp-itgi-1.sde\itgi.adm.NET_KilometreMarker';'Database Connections\adm@ign-sp-itgi-1.sde\itgi.adm.NET_KilometreMarker_50';'Database Connections\adm@ign-sp-itgi-1.sde\itgi.adm.NET_TUNNELHASKMMARKER';'Database Connections\adm@ign-sp-itgi-1.sde\itgi.adm.NET_TUNNELHASNETWORKSEG';'Database Connections\adm@ign-sp-itgi-1.sde\itgi.adm.NET_TUNNELHASNETWORKSURF';'Database Connections\adm@ign-sp-itgi-1.sde\itgi.adm.RA_NumberedRailway';'Database Connections\adm@ign-sp-itgi-1.sde\itgi.adm.RA_RAILWAYHASRAILSEGMENT';'Database Connections\adm@ign-sp-itgi-1.sde\itgi.adm.RA_RailwayHasRailSegment_50';'Database Connections\adm@ign-sp-itgi-1.sde\itgi.adm.RA_RailwayStop';'Database Connections\adm@ign-sp-itgi-1.sde\itgi.adm.RA_RailwayStop_50';'Database Connections\adm@ign-sp-itgi-1.sde\itgi.adm.RA_RailwaySurface';'Database Connections\adm@ign-sp-itgi-1.sde\itgi.adm.RA_RailwayTrackSegment';'Database Connections\adm@ign-sp-itgi-1.sde\itgi.adm.RA_RailwayTrackSegment_50';'Database Connections\adm@ign-sp-itgi-1.sde\itgi.adm.RO_ConnectingRoadSurface';'Database Connections\adm@ign-sp-itgi-1.sde\itgi.adm.RO_DirtRoadSegment';'Database Connections\adm@ign-sp-itgi-1.sde\itgi.adm.RO_DirtRoadSegment_50';'Database Connections\adm@ign-sp-itgi-1.sde\itgi.adm.RO_EuropeanNumberedRoad';'Database Connections\adm@ign-sp-itgi-1.sde\itgi.adm.RO_EURROADHASROADSEG';'Database Connections\adm@ign-sp-itgi-1.sde\itgi.adm.RO_EurRoadHasRoadSeg_50';'Database Connections\adm@ign-sp-itgi-1.sde\itgi.adm.RO_LargeRoundabout_50';'Database Connections\adm@ign-sp-itgi-1.sde\itgi.adm.RO_MunicipalityHasRoadSeg';'Database Connections\adm@ign-sp-itgi-1.sde\itgi.adm.RO_NationalNumberedRoad';'Database Connections\adm@ign-sp-itgi-1.sde\itgi.adm.RO_NatRegNumberedRoad';'Database Connections\adm@ign-sp-itgi-1.sde\itgi.adm.RO_NatRegRoadHasRoadSeg';'Database Connections\adm@ign-sp-itgi-1.sde\itgi.adm.RO_NatRoadHasAccessExit_50';'Database Connections\adm@ign-sp-itgi-1.sde\itgi.adm.RO_NATROADHASROADSEG';'Database Connections\adm@ign-sp-itgi-1.sde\itgi.adm.RO_NatRoadHasRoadSeg_50';'Database Connections\adm@ign-sp-itgi-1.sde\itgi.adm.RO_Obstruction';'Database Connections\adm@ign-sp-itgi-1.sde\itgi.adm.RO_OrdinaryRoadSurface';'Database Connections\adm@ign-sp-itgi-1.sde\itgi.adm.RO_PathSegment';'Database Connections\adm@ign-sp-itgi-1.sde\itgi.adm.RO_PathSegment_50';'Database Connections\adm@ign-sp-itgi-1.sde\itgi.adm.RO_RoadSegment';'Database Connections\adm@ign-sp-itgi-1.sde\itgi.adm.RO_RoadSegment_50';'Database Connections\adm@ign-sp-itgi-1.sde\itgi.adm.RO_StreetName';'Database Connections\adm@ign-sp-itgi-1.sde\itgi.adm.RO_StreetNameStatus';'Database Connections\adm@ign-sp-itgi-1.sde\itgi.adm.SP_Grid_10k';'Database Connections\adm@ign-sp-itgi-1.sde\itgi.adm.SP_Grid_50k';'Database Connections\adm@ign-sp-itgi-1.sde\itgi.adm.ZO_MilitaryDomain';'Database Connections\adm@ign-sp-itgi-1.sde\itgi.adm.ZO_ParticularPointZone_50';'Database Connections\adm@ign-sp-itgi-1.sde\itgi.adm.ZO_ParticularZone';'Database Connections\adm@ign-sp-itgi-1.sde\itgi.adm.ZO_ParticularZone_50' getput GRANT GRANT</Process><Process ToolSource="C:\Program Files (x86)\ArcGIS\Desktop10.0\ArcToolbox\Toolboxes\Data Management Tools.tbx\ChangePrivileges" Date="20150316" Time="094823">ChangePrivileges 'Database Connections\adm@ign-sp-itgi-1.sde\itgi.adm.AD_BelgianMaritimeZone';'Database Connections\adm@ign-sp-itgi-1.sde\itgi.adm.AD_BelgianMaritimeZone_50';'Database Connections\adm@ign-sp-itgi-1.sde\itgi.adm.AD_BorderMarker';'Database Connections\adm@ign-sp-itgi-1.sde\itgi.adm.AD_BorderMarker_50';'Database Connections\adm@ign-sp-itgi-1.sde\itgi.adm.AD_Country';'Database Connections\adm@ign-sp-itgi-1.sde\itgi.adm.AD_District';'Database Connections\adm@ign-sp-itgi-1.sde\itgi.adm.AD_Municipality';'Database Connections\adm@ign-sp-itgi-1.sde\itgi.adm.AD_Municipality_50';'Database Connections\adm@ign-sp-itgi-1.sde\itgi.adm.AD_Province';'Database Connections\adm@ign-sp-itgi-1.sde\itgi.adm.AD_Region';'Database Connections\adm@ign-sp-itgi-1.sde\itgi.adm.AD_StatisticSector';'Database Connections\adm@ign-sp-itgi-1.sde\itgi.adm.ARCHIVES';'Database Connections\adm@ign-sp-itgi-1.sde\itgi.adm.CO_AdditionalPointGeometry';'Database Connections\adm@ign-sp-itgi-1.sde\itgi.adm.CO_AdditionalPolygonGeometry';'Database Connections\adm@ign-sp-itgi-1.sde\itgi.adm.CO_BRIDGECARRIESCONSTRUCTION';'Database Connections\adm@ign-sp-itgi-1.sde\itgi.adm.CO_Brunnel';'Database Connections\adm@ign-sp-itgi-1.sde\itgi.adm.CO_BrunnelOverBrunnel';'Database Connections\adm@ign-sp-itgi-1.sde\itgi.adm.CO_Building';'Database Connections\adm@ign-sp-itgi-1.sde\itgi.adm.CO_ParticularLineConstr_50';'Database Connections\adm@ign-sp-itgi-1.sde\itgi.adm.CO_ParticularLineConstruction';'Database Connections\adm@ign-sp-itgi-1.sde\itgi.adm.CO_ParticularPointConstr_50';'Database Connections\adm@ign-sp-itgi-1.sde\itgi.adm.CO_ParticularPointConstruction';'Database Connections\adm@ign-sp-itgi-1.sde\itgi.adm.CO_ParticularPolyConstr_50';'Database Connections\adm@ign-sp-itgi-1.sde\itgi.adm.CO_ParticularPolyConstruction';'Database Connections\adm@ign-sp-itgi-1.sde\itgi.adm.CO_PointBuilding_50';'Database Connections\adm@ign-sp-itgi-1.sde\itgi.adm.CO_PolyBuilding_50';'Database Connections\adm@ign-sp-itgi-1.sde\itgi.adm.CO_SecondaryBuildingUse';'Database Connections\adm@ign-sp-itgi-1.sde\itgi.adm.DEL_RemovedLine';'Database Connections\adm@ign-sp-itgi-1.sde\itgi.adm.DEL_RemovedPoint';'Database Connections\adm@ign-sp-itgi-1.sde\itgi.adm.DEL_RemovedPolygon';'Database Connections\adm@ign-sp-itgi-1.sde\itgi.adm.EX_FEATUREOBJECTHASTOPONYM';'Database Connections\adm@ign-sp-itgi-1.sde\itgi.adm.EX_FeatureObjectHasToponym_50';'Database Connections\adm@ign-sp-itgi-1.sde\itgi.adm.EX_GeodeticPoint';'Database Connections\adm@ign-sp-itgi-1.sde\itgi.adm.EX_GeodeticPoint_50';'Database Connections\adm@ign-sp-itgi-1.sde\itgi.adm.EX_TOPONYMICOBJECT';'Database Connections\adm@ign-sp-itgi-1.sde\itgi.adm.EX_ToponymicPoint';'Database Connections\adm@ign-sp-itgi-1.sde\itgi.adm.HT_HighTensionLineSegment';'Database Connections\adm@ign-sp-itgi-1.sde\itgi.adm.HT_HighTensionLineSegment_50';'Database Connections\adm@ign-sp-itgi-1.sde\itgi.adm.HT_PowerPylon';'Database Connections\adm@ign-sp-itgi-1.sde\itgi.adm.HT_ThreePhaseLine';'Database Connections\adm@ign-sp-itgi-1.sde\itgi.adm.HT_TPLINEUSESHTSEGMENT';'Database Connections\adm@ign-sp-itgi-1.sde\itgi.adm.HY_NamedWatercourse';'Database Connections\adm@ign-sp-itgi-1.sde\itgi.adm.HY_WATCRSEHASWATCRSESEGMENT';'Database Connections\adm@ign-sp-itgi-1.sde\itgi.adm.HY_WatcrseHasWatcrseSegment_50';'Database Connections\adm@ign-sp-itgi-1.sde\itgi.adm.HY_WatercourseSegment';'Database Connections\adm@ign-sp-itgi-1.sde\itgi.adm.HY_WatercourseSegment_50';'Database Connections\adm@ign-sp-itgi-1.sde\itgi.adm.HY_WatercourseSurface';'Database Connections\adm@ign-sp-itgi-1.sde\itgi.adm.HY_WatercourseSurface_50';'Database Connections\adm@ign-sp-itgi-1.sde\itgi.adm.HY_WaterPoint';'Database Connections\adm@ign-sp-itgi-1.sde\itgi.adm.HY_WaterSurface';'Database Connections\adm@ign-sp-itgi-1.sde\itgi.adm.HY_WaterSurface_50';'Database Connections\adm@ign-sp-itgi-1.sde\itgi.adm.HY_Wetland';'Database Connections\adm@ign-sp-itgi-1.sde\itgi.adm.HY_Wetland_50';'Database Connections\adm@ign-sp-itgi-1.sde\itgi.adm.LC_GroundLevelIsolatedVeg';'Database Connections\adm@ign-sp-itgi-1.sde\itgi.adm.LC_GroundLevelLandcoverZone';'Database Connections\adm@ign-sp-itgi-1.sde\itgi.adm.LC_GroundLevelLinearVeg';'Database Connections\adm@ign-sp-itgi-1.sde\itgi.adm.LC_LandcoverZone_50';'Database Connections\adm@ign-sp-itgi-1.sde\itgi.adm.LC_LinearVegetation_50';'Database Connections\adm@ign-sp-itgi-1.sde\itgi.adm.LC_RemarkableTree_50';'Database Connections\adm@ign-sp-itgi-1.sde\itgi.adm.LC_TopLevelIsolatedVeg';'Database Connections\adm@ign-sp-itgi-1.sde\itgi.adm.LC_TopLevelLandcoverZone';'Database Connections\adm@ign-sp-itgi-1.sde\itgi.adm.LC_TopLevelLinearVeg';'Database Connections\adm@ign-sp-itgi-1.sde\itgi.adm.LR_AdditionalSlopeSurface';'Database Connections\adm@ign-sp-itgi-1.sde\itgi.adm.LR_CaveEntrance';'Database Connections\adm@ign-sp-itgi-1.sde\itgi.adm.LR_ConeshapedSlagheap';'Database Connections\adm@ign-sp-itgi-1.sde\itgi.adm.LR_DuneZone';'Database Connections\adm@ign-sp-itgi-1.sde\itgi.adm.LR_DuneZone_50';'Database Connections\adm@ign-sp-itgi-1.sde\itgi.adm.LR_EarthBank';'Database Connections\adm@ign-sp-itgi-1.sde\itgi.adm.LR_Embankment';'Database Connections\adm@ign-sp-itgi-1.sde\itgi.adm.LR_HistoricMound';'Database Connections\adm@ign-sp-itgi-1.sde\itgi.adm.LR_MicroReliefPoint_50';'Database Connections\adm@ign-sp-itgi-1.sde\itgi.adm.LR_MicroReliefSegment_50';'Database Connections\adm@ign-sp-itgi-1.sde\itgi.adm.LR_Steep';'Database Connections\adm@ign-sp-itgi-1.sde\itgi.adm.NET_BRIDGECARRIESKMMARKER';'Database Connections\adm@ign-sp-itgi-1.sde\itgi.adm.NET_BRIDGECARRIESNETWORKSEG';'Database Connections\adm@ign-sp-itgi-1.sde\itgi.adm.NET_BRIDGECARRIESNETWORKSURF';'Database Connections\adm@ign-sp-itgi-1.sde\itgi.adm.NET_KilometreMarker';'Database Connections\adm@ign-sp-itgi-1.sde\itgi.adm.NET_KilometreMarker_50';'Database Connections\adm@ign-sp-itgi-1.sde\itgi.adm.NET_TUNNELHASKMMARKER';'Database Connections\adm@ign-sp-itgi-1.sde\itgi.adm.NET_TUNNELHASNETWORKSEG';'Database Connections\adm@ign-sp-itgi-1.sde\itgi.adm.NET_TUNNELHASNETWORKSURF';'Database Connections\adm@ign-sp-itgi-1.sde\itgi.adm.RA_NumberedRailway';'Database Connections\adm@ign-sp-itgi-1.sde\itgi.adm.RA_RAILWAYHASRAILSEGMENT';'Database Connections\adm@ign-sp-itgi-1.sde\itgi.adm.RA_RailwayHasRailSegment_50';'Database Connections\adm@ign-sp-itgi-1.sde\itgi.adm.RA_RailwayStop';'Database Connections\adm@ign-sp-itgi-1.sde\itgi.adm.RA_RailwayStop_50';'Database Connections\adm@ign-sp-itgi-1.sde\itgi.adm.RA_RailwaySurface';'Database Connections\adm@ign-sp-itgi-1.sde\itgi.adm.RA_RailwayTrackSegment';'Database Connections\adm@ign-sp-itgi-1.sde\itgi.adm.RA_RailwayTrackSegment_50';'Database Connections\adm@ign-sp-itgi-1.sde\itgi.adm.RO_ConnectingRoadSurface';'Database Connections\adm@ign-sp-itgi-1.sde\itgi.adm.RO_DirtRoadSegment';'Database Connections\adm@ign-sp-itgi-1.sde\itgi.adm.RO_DirtRoadSegment_50';'Database Connections\adm@ign-sp-itgi-1.sde\itgi.adm.RO_EuropeanNumberedRoad';'Database Connections\adm@ign-sp-itgi-1.sde\itgi.adm.RO_EURROADHASROADSEG';'Database Connections\adm@ign-sp-itgi-1.sde\itgi.adm.RO_EurRoadHasRoadSeg_50';'Database Connections\adm@ign-sp-itgi-1.sde\itgi.adm.RO_LargeRoundabout_50';'Database Connections\adm@ign-sp-itgi-1.sde\itgi.adm.RO_MunicipalityHasRoadSeg';'Database Connections\adm@ign-sp-itgi-1.sde\itgi.adm.RO_NationalNumberedRoad';'Database Connections\adm@ign-sp-itgi-1.sde\itgi.adm.RO_NatRegNumberedRoad';'Database Connections\adm@ign-sp-itgi-1.sde\itgi.adm.RO_NatRegRoadHasRoadSeg';'Database Connections\adm@ign-sp-itgi-1.sde\itgi.adm.RO_NatRoadHasAccessExit_50';'Database Connections\adm@ign-sp-itgi-1.sde\itgi.adm.RO_NATROADHASROADSEG';'Database Connections\adm@ign-sp-itgi-1.sde\itgi.adm.RO_NatRoadHasRoadSeg_50';'Database Connections\adm@ign-sp-itgi-1.sde\itgi.adm.RO_Obstruction';'Database Connections\adm@ign-sp-itgi-1.sde\itgi.adm.RO_OrdinaryRoadSurface';'Database Connections\adm@ign-sp-itgi-1.sde\itgi.adm.RO_PathSegment';'Database Connections\adm@ign-sp-itgi-1.sde\itgi.adm.RO_PathSegment_50';'Database Connections\adm@ign-sp-itgi-1.sde\itgi.adm.RO_RoadSegment';'Database Connections\adm@ign-sp-itgi-1.sde\itgi.adm.RO_RoadSegment_50';'Database Connections\adm@ign-sp-itgi-1.sde\itgi.adm.RO_StreetName';'Database Connections\adm@ign-sp-itgi-1.sde\itgi.adm.RO_StreetNameStatus';'Database Connections\adm@ign-sp-itgi-1.sde\itgi.adm.SP_Grid_10k';'Database Connections\adm@ign-sp-itgi-1.sde\itgi.adm.SP_Grid_50k';'Database Connections\adm@ign-sp-itgi-1.sde\itgi.adm.ZO_MilitaryDomain';'Database Connections\adm@ign-sp-itgi-1.sde\itgi.adm.ZO_ParticularPointZone_50';'Database Connections\adm@ign-sp-itgi-1.sde\itgi.adm.ZO_ParticularZone';'Database Connections\adm@ign-sp-itgi-1.sde\itgi.adm.ZO_ParticularZone_50' ngi_viewer GRANT #</Process><Process ToolSource="C:\Program Files (x86)\ArcGIS\Desktop10.0\ArcToolbox\Toolboxes\Data Management Tools.tbx\ChangePrivileges" Date="20150316" Time="094907">ChangePrivileges 'Database Connections\adm@ign-sp-itgi-1.sde\itgi.adm.AD_BelgianMaritimeZone';'Database Connections\adm@ign-sp-itgi-1.sde\itgi.adm.AD_BelgianMaritimeZone_50';'Database Connections\adm@ign-sp-itgi-1.sde\itgi.adm.AD_BorderMarker';'Database Connections\adm@ign-sp-itgi-1.sde\itgi.adm.AD_BorderMarker_50';'Database Connections\adm@ign-sp-itgi-1.sde\itgi.adm.AD_Country';'Database Connections\adm@ign-sp-itgi-1.sde\itgi.adm.AD_District';'Database Connections\adm@ign-sp-itgi-1.sde\itgi.adm.AD_Municipality';'Database Connections\adm@ign-sp-itgi-1.sde\itgi.adm.AD_Municipality_50';'Database Connections\adm@ign-sp-itgi-1.sde\itgi.adm.AD_Province';'Database Connections\adm@ign-sp-itgi-1.sde\itgi.adm.AD_Region';'Database Connections\adm@ign-sp-itgi-1.sde\itgi.adm.AD_StatisticSector';'Database Connections\adm@ign-sp-itgi-1.sde\itgi.adm.ARCHIVES';'Database Connections\adm@ign-sp-itgi-1.sde\itgi.adm.CO_AdditionalPointGeometry';'Database Connections\adm@ign-sp-itgi-1.sde\itgi.adm.CO_AdditionalPolygonGeometry';'Database Connections\adm@ign-sp-itgi-1.sde\itgi.adm.CO_BRIDGECARRIESCONSTRUCTION';'Database Connections\adm@ign-sp-itgi-1.sde\itgi.adm.CO_Brunnel';'Database Connections\adm@ign-sp-itgi-1.sde\itgi.adm.CO_BrunnelOverBrunnel';'Database Connections\adm@ign-sp-itgi-1.sde\itgi.adm.CO_Building';'Database Connections\adm@ign-sp-itgi-1.sde\itgi.adm.CO_ParticularLineConstr_50';'Database Connections\adm@ign-sp-itgi-1.sde\itgi.adm.CO_ParticularLineConstruction';'Database Connections\adm@ign-sp-itgi-1.sde\itgi.adm.CO_ParticularPointConstr_50';'Database Connections\adm@ign-sp-itgi-1.sde\itgi.adm.CO_ParticularPointConstruction';'Database Connections\adm@ign-sp-itgi-1.sde\itgi.adm.CO_ParticularPolyConstr_50';'Database Connections\adm@ign-sp-itgi-1.sde\itgi.adm.CO_ParticularPolyConstruction';'Database Connections\adm@ign-sp-itgi-1.sde\itgi.adm.CO_PointBuilding_50';'Database Connections\adm@ign-sp-itgi-1.sde\itgi.adm.CO_PolyBuilding_50';'Database Connections\adm@ign-sp-itgi-1.sde\itgi.adm.CO_SecondaryBuildingUse';'Database Connections\adm@ign-sp-itgi-1.sde\itgi.adm.DEL_RemovedLine';'Database Connections\adm@ign-sp-itgi-1.sde\itgi.adm.DEL_RemovedPoint';'Database Connections\adm@ign-sp-itgi-1.sde\itgi.adm.DEL_RemovedPolygon';'Database Connections\adm@ign-sp-itgi-1.sde\itgi.adm.EX_FEATUREOBJECTHASTOPONYM';'Database Connections\adm@ign-sp-itgi-1.sde\itgi.adm.EX_FeatureObjectHasToponym_50';'Database Connections\adm@ign-sp-itgi-1.sde\itgi.adm.EX_GeodeticPoint';'Database Connections\adm@ign-sp-itgi-1.sde\itgi.adm.EX_GeodeticPoint_50';'Database Connections\adm@ign-sp-itgi-1.sde\itgi.adm.EX_TOPONYMICOBJECT';'Database Connections\adm@ign-sp-itgi-1.sde\itgi.adm.EX_ToponymicPoint';'Database Connections\adm@ign-sp-itgi-1.sde\itgi.adm.HT_HighTensionLineSegment';'Database Connections\adm@ign-sp-itgi-1.sde\itgi.adm.HT_HighTensionLineSegment_50';'Database Connections\adm@ign-sp-itgi-1.sde\itgi.adm.HT_PowerPylon';'Database Connections\adm@ign-sp-itgi-1.sde\itgi.adm.HT_ThreePhaseLine';'Database Connections\adm@ign-sp-itgi-1.sde\itgi.adm.HT_TPLINEUSESHTSEGMENT';'Database Connections\adm@ign-sp-itgi-1.sde\itgi.adm.HY_NamedWatercourse';'Database Connections\adm@ign-sp-itgi-1.sde\itgi.adm.HY_WATCRSEHASWATCRSESEGMENT';'Database Connections\adm@ign-sp-itgi-1.sde\itgi.adm.HY_WatcrseHasWatcrseSegment_50';'Database Connections\adm@ign-sp-itgi-1.sde\itgi.adm.HY_WatercourseSegment';'Database Connections\adm@ign-sp-itgi-1.sde\itgi.adm.HY_WatercourseSegment_50';'Database Connections\adm@ign-sp-itgi-1.sde\itgi.adm.HY_WatercourseSurface';'Database Connections\adm@ign-sp-itgi-1.sde\itgi.adm.HY_WatercourseSurface_50';'Database Connections\adm@ign-sp-itgi-1.sde\itgi.adm.HY_WaterPoint';'Database Connections\adm@ign-sp-itgi-1.sde\itgi.adm.HY_WaterSurface';'Database Connections\adm@ign-sp-itgi-1.sde\itgi.adm.HY_WaterSurface_50';'Database Connections\adm@ign-sp-itgi-1.sde\itgi.adm.HY_Wetland';'Database Connections\adm@ign-sp-itgi-1.sde\itgi.adm.HY_Wetland_50';'Database Connections\adm@ign-sp-itgi-1.sde\itgi.adm.LC_GroundLevelIsolatedVeg';'Database Connections\adm@ign-sp-itgi-1.sde\itgi.adm.LC_GroundLevelLandcoverZone';'Database Connections\adm@ign-sp-itgi-1.sde\itgi.adm.LC_GroundLevelLinearVeg';'Database Connections\adm@ign-sp-itgi-1.sde\itgi.adm.LC_LandcoverZone_50';'Database Connections\adm@ign-sp-itgi-1.sde\itgi.adm.LC_LinearVegetation_50';'Database Connections\adm@ign-sp-itgi-1.sde\itgi.adm.LC_RemarkableTree_50';'Database Connections\adm@ign-sp-itgi-1.sde\itgi.adm.LC_TopLevelIsolatedVeg';'Database Connections\adm@ign-sp-itgi-1.sde\itgi.adm.LC_TopLevelLandcoverZone';'Database Connections\adm@ign-sp-itgi-1.sde\itgi.adm.LC_TopLevelLinearVeg';'Database Connections\adm@ign-sp-itgi-1.sde\itgi.adm.LR_AdditionalSlopeSurface';'Database Connections\adm@ign-sp-itgi-1.sde\itgi.adm.LR_CaveEntrance';'Database Connections\adm@ign-sp-itgi-1.sde\itgi.adm.LR_ConeshapedSlagheap';'Database Connections\adm@ign-sp-itgi-1.sde\itgi.adm.LR_DuneZone';'Database Connections\adm@ign-sp-itgi-1.sde\itgi.adm.LR_DuneZone_50';'Database Connections\adm@ign-sp-itgi-1.sde\itgi.adm.LR_EarthBank';'Database Connections\adm@ign-sp-itgi-1.sde\itgi.adm.LR_Embankment';'Database Connections\adm@ign-sp-itgi-1.sde\itgi.adm.LR_HistoricMound';'Database Connections\adm@ign-sp-itgi-1.sde\itgi.adm.LR_MicroReliefPoint_50';'Database Connections\adm@ign-sp-itgi-1.sde\itgi.adm.LR_MicroReliefSegment_50';'Database Connections\adm@ign-sp-itgi-1.sde\itgi.adm.LR_Steep';'Database Connections\adm@ign-sp-itgi-1.sde\itgi.adm.NET_BRIDGECARRIESKMMARKER';'Database Connections\adm@ign-sp-itgi-1.sde\itgi.adm.NET_BRIDGECARRIESNETWORKSEG';'Database Connections\adm@ign-sp-itgi-1.sde\itgi.adm.NET_BRIDGECARRIESNETWORKSURF';'Database Connections\adm@ign-sp-itgi-1.sde\itgi.adm.NET_KilometreMarker';'Database Connections\adm@ign-sp-itgi-1.sde\itgi.adm.NET_KilometreMarker_50';'Database Connections\adm@ign-sp-itgi-1.sde\itgi.adm.NET_TUNNELHASKMMARKER';'Database Connections\adm@ign-sp-itgi-1.sde\itgi.adm.NET_TUNNELHASNETWORKSEG';'Database Connections\adm@ign-sp-itgi-1.sde\itgi.adm.NET_TUNNELHASNETWORKSURF';'Database Connections\adm@ign-sp-itgi-1.sde\itgi.adm.RA_NumberedRailway';'Database Connections\adm@ign-sp-itgi-1.sde\itgi.adm.RA_RAILWAYHASRAILSEGMENT';'Database Connections\adm@ign-sp-itgi-1.sde\itgi.adm.RA_RailwayHasRailSegment_50';'Database Connections\adm@ign-sp-itgi-1.sde\itgi.adm.RA_RailwayStop';'Database Connections\adm@ign-sp-itgi-1.sde\itgi.adm.RA_RailwayStop_50';'Database Connections\adm@ign-sp-itgi-1.sde\itgi.adm.RA_RailwaySurface';'Database Connections\adm@ign-sp-itgi-1.sde\itgi.adm.RA_RailwayTrackSegment';'Database Connections\adm@ign-sp-itgi-1.sde\itgi.adm.RA_RailwayTrackSegment_50';'Database Connections\adm@ign-sp-itgi-1.sde\itgi.adm.RO_ConnectingRoadSurface';'Database Connections\adm@ign-sp-itgi-1.sde\itgi.adm.RO_DirtRoadSegment';'Database Connections\adm@ign-sp-itgi-1.sde\itgi.adm.RO_DirtRoadSegment_50';'Database Connections\adm@ign-sp-itgi-1.sde\itgi.adm.RO_EuropeanNumberedRoad';'Database Connections\adm@ign-sp-itgi-1.sde\itgi.adm.RO_EURROADHASROADSEG';'Database Connections\adm@ign-sp-itgi-1.sde\itgi.adm.RO_EurRoadHasRoadSeg_50';'Database Connections\adm@ign-sp-itgi-1.sde\itgi.adm.RO_LargeRoundabout_50';'Database Connections\adm@ign-sp-itgi-1.sde\itgi.adm.RO_MunicipalityHasRoadSeg';'Database Connections\adm@ign-sp-itgi-1.sde\itgi.adm.RO_NationalNumberedRoad';'Database Connections\adm@ign-sp-itgi-1.sde\itgi.adm.RO_NatRegNumberedRoad';'Database Connections\adm@ign-sp-itgi-1.sde\itgi.adm.RO_NatRegRoadHasRoadSeg';'Database Connections\adm@ign-sp-itgi-1.sde\itgi.adm.RO_NatRoadHasAccessExit_50';'Database Connections\adm@ign-sp-itgi-1.sde\itgi.adm.RO_NATROADHASROADSEG';'Database Connections\adm@ign-sp-itgi-1.sde\itgi.adm.RO_NatRoadHasRoadSeg_50';'Database Connections\adm@ign-sp-itgi-1.sde\itgi.adm.RO_Obstruction';'Database Connections\adm@ign-sp-itgi-1.sde\itgi.adm.RO_OrdinaryRoadSurface';'Database Connections\adm@ign-sp-itgi-1.sde\itgi.adm.RO_PathSegment';'Database Connections\adm@ign-sp-itgi-1.sde\itgi.adm.RO_PathSegment_50';'Database Connections\adm@ign-sp-itgi-1.sde\itgi.adm.RO_RoadSegment';'Database Connections\adm@ign-sp-itgi-1.sde\itgi.adm.RO_RoadSegment_50';'Database Connections\adm@ign-sp-itgi-1.sde\itgi.adm.RO_StreetName';'Database Connections\adm@ign-sp-itgi-1.sde\itgi.adm.RO_StreetNameStatus';'Database Connections\adm@ign-sp-itgi-1.sde\itgi.adm.SP_Grid_10k';'Database Connections\adm@ign-sp-itgi-1.sde\itgi.adm.SP_Grid_50k';'Database Connections\adm@ign-sp-itgi-1.sde\itgi.adm.ZO_MilitaryDomain';'Database Connections\adm@ign-sp-itgi-1.sde\itgi.adm.ZO_ParticularPointZone_50';'Database Connections\adm@ign-sp-itgi-1.sde\itgi.adm.ZO_ParticularZone';'Database Connections\adm@ign-sp-itgi-1.sde\itgi.adm.ZO_ParticularZone_50' getput GRANT GRANT</Process><Process ToolSource="c:\program files (x86)\arcgis\desktop10.2\ArcToolbox\Toolboxes\Data Management Tools.tbx\ChangePrivileges" Date="20150403" Time="174526">ChangePrivileges 'Database Connections\adm@itgi.sde\itgi.adm.AD_BelgianMaritimeZone';'Database Connections\adm@itgi.sde\itgi.adm.AD_BelgianMaritimeZone_50';'Database Connections\adm@itgi.sde\itgi.adm.AD_BorderMarker';'Database Connections\adm@itgi.sde\itgi.adm.AD_BorderMarker_50';'Database Connections\adm@itgi.sde\itgi.adm.AD_Country';'Database Connections\adm@itgi.sde\itgi.adm.AD_District';'Database Connections\adm@itgi.sde\itgi.adm.AD_Municipality';'Database Connections\adm@itgi.sde\itgi.adm.AD_Municipality_50';'Database Connections\adm@itgi.sde\itgi.adm.AD_Province';'Database Connections\adm@itgi.sde\itgi.adm.AD_Region';'Database Connections\adm@itgi.sde\itgi.adm.AD_StatisticSector';'Database Connections\adm@itgi.sde\itgi.adm.ARCHIVES';'Database Connections\adm@itgi.sde\itgi.adm.CO_AdditionalPointGeometry';'Database Connections\adm@itgi.sde\itgi.adm.CO_AdditionalPolygonGeometry';'Database Connections\adm@itgi.sde\itgi.adm.CO_BRIDGECARRIESCONSTRUCTION';'Database Connections\adm@itgi.sde\itgi.adm.CO_Brunnel';'Database Connections\adm@itgi.sde\itgi.adm.CO_BrunnelOverBrunnel';'Database Connections\adm@itgi.sde\itgi.adm.CO_Building';'Database Connections\adm@itgi.sde\itgi.adm.CO_ParticularLineConstr_50';'Database Connections\adm@itgi.sde\itgi.adm.CO_ParticularLineConstruction';'Database Connections\adm@itgi.sde\itgi.adm.CO_ParticularPointConstr_50';'Database Connections\adm@itgi.sde\itgi.adm.CO_ParticularPointConstruction';'Database Connections\adm@itgi.sde\itgi.adm.CO_ParticularPolyConstr_50';'Database Connections\adm@itgi.sde\itgi.adm.CO_ParticularPolyConstruction';'Database Connections\adm@itgi.sde\itgi.adm.CO_PointBuilding_50';'Database Connections\adm@itgi.sde\itgi.adm.CO_PolyBuilding_50';'Database Connections\adm@itgi.sde\itgi.adm.CO_SecondaryBuildingUse';'Database Connections\adm@itgi.sde\itgi.adm.DEL_RemovedLine';'Database Connections\adm@itgi.sde\itgi.adm.DEL_RemovedPoint';'Database Connections\adm@itgi.sde\itgi.adm.DEL_RemovedPolygon';'Database Connections\adm@itgi.sde\itgi.adm.EX_FEATUREOBJECTHASTOPONYM';'Database Connections\adm@itgi.sde\itgi.adm.EX_FeatureObjectHasToponym_50';'Database Connections\adm@itgi.sde\itgi.adm.EX_GeodeticPoint';'Database Connections\adm@itgi.sde\itgi.adm.EX_GeodeticPoint_50';'Database Connections\adm@itgi.sde\itgi.adm.EX_TOPONYMICOBJECT';'Database Connections\adm@itgi.sde\itgi.adm.EX_ToponymicPoint';'Database Connections\adm@itgi.sde\itgi.adm.HT_HighTensionLineSegment';'Database Connections\adm@itgi.sde\itgi.adm.HT_HighTensionLineSegment_50';'Database Connections\adm@itgi.sde\itgi.adm.HT_PowerPylon';'Database Connections\adm@itgi.sde\itgi.adm.HT_ThreePhaseLine';'Database Connections\adm@itgi.sde\itgi.adm.HT_TPLINEUSESHTSEGMENT';'Database Connections\adm@itgi.sde\itgi.adm.HY_NamedWatercourse';'Database Connections\adm@itgi.sde\itgi.adm.HY_WATCRSEHASWATCRSESEGMENT';'Database Connections\adm@itgi.sde\itgi.adm.HY_WatcrseHasWatcrseSegment_50';'Database Connections\adm@itgi.sde\itgi.adm.HY_WatercourseSegment';'Database Connections\adm@itgi.sde\itgi.adm.HY_WatercourseSegment_50';'Database Connections\adm@itgi.sde\itgi.adm.HY_WatercourseSurface';'Database Connections\adm@itgi.sde\itgi.adm.HY_WatercourseSurface_50';'Database Connections\adm@itgi.sde\itgi.adm.HY_WaterPoint';'Database Connections\adm@itgi.sde\itgi.adm.HY_WaterSurface';'Database Connections\adm@itgi.sde\itgi.adm.HY_WaterSurface_50';'Database Connections\adm@itgi.sde\itgi.adm.HY_Wetland';'Database Connections\adm@itgi.sde\itgi.adm.HY_Wetland_50';'Database Connections\adm@itgi.sde\itgi.adm.LC_GroundLevelIsolatedVeg';'Database Connections\adm@itgi.sde\itgi.adm.LC_GroundLevelLandcoverZone';'Database Connections\adm@itgi.sde\itgi.adm.LC_GroundLevelLinearVeg';'Database Connections\adm@itgi.sde\itgi.adm.LC_LandcoverZone_50';'Database Connections\adm@itgi.sde\itgi.adm.LC_LinearVegetation_50';'Database Connections\adm@itgi.sde\itgi.adm.LC_RemarkableTree_50';'Database Connections\adm@itgi.sde\itgi.adm.LC_TopLevelIsolatedVeg';'Database Connections\adm@itgi.sde\itgi.adm.LC_TopLevelLandcoverZone';'Database Connections\adm@itgi.sde\itgi.adm.LC_TopLevelLinearVeg';'Database Connections\adm@itgi.sde\itgi.adm.LR_AdditionalSlopeSurface';'Database Connections\adm@itgi.sde\itgi.adm.LR_CaveEntrance';'Database Connections\adm@itgi.sde\itgi.adm.LR_ConeshapedSlagheap';'Database Connections\adm@itgi.sde\itgi.adm.LR_DuneZone';'Database Connections\adm@itgi.sde\itgi.adm.LR_DuneZone_50';'Database Connections\adm@itgi.sde\itgi.adm.LR_EarthBank';'Database Connections\adm@itgi.sde\itgi.adm.LR_Embankment';'Database Connections\adm@itgi.sde\itgi.adm.LR_HistoricMound';'Database Connections\adm@itgi.sde\itgi.adm.LR_MicroReliefPoint_50';'Database Connections\adm@itgi.sde\itgi.adm.LR_MicroReliefSegment_50';'Database Connections\adm@itgi.sde\itgi.adm.LR_Steep';'Database Connections\adm@itgi.sde\itgi.adm.NET_BRIDGECARRIESKMMARKER';'Database Connections\adm@itgi.sde\itgi.adm.NET_BRIDGECARRIESNETWORKSEG';'Database Connections\adm@itgi.sde\itgi.adm.NET_BRIDGECARRIESNETWORKSURF';'Database Connections\adm@itgi.sde\itgi.adm.NET_KilometreMarker';'Database Connections\adm@itgi.sde\itgi.adm.NET_KilometreMarker_50';'Database Connections\adm@itgi.sde\itgi.adm.NET_TUNNELHASKMMARKER';'Database Connections\adm@itgi.sde\itgi.adm.NET_TUNNELHASNETWORKSEG';'Database Connections\adm@itgi.sde\itgi.adm.NET_TUNNELHASNETWORKSURF';'Database Connections\adm@itgi.sde\itgi.adm.RA_NumberedRailway';'Database Connections\adm@itgi.sde\itgi.adm.RA_RAILWAYHASRAILSEGMENT';'Database Connections\adm@itgi.sde\itgi.adm.RA_RailwayHasRailSegment_50';'Database Connections\adm@itgi.sde\itgi.adm.RA_RailwayStop';'Database Connections\adm@itgi.sde\itgi.adm.RA_RailwayStop_50';'Database Connections\adm@itgi.sde\itgi.adm.RA_RailwaySurface';'Database Connections\adm@itgi.sde\itgi.adm.RA_RailwayTrackSegment';'Database Connections\adm@itgi.sde\itgi.adm.RA_RailwayTrackSegment_50';'Database Connections\adm@itgi.sde\itgi.adm.RO_ConnectingRoadSurface';'Database Connections\adm@itgi.sde\itgi.adm.RO_DirtRoadSegment';'Database Connections\adm@itgi.sde\itgi.adm.RO_DirtRoadSegment_50';'Database Connections\adm@itgi.sde\itgi.adm.RO_EuropeanNumberedRoad';'Database Connections\adm@itgi.sde\itgi.adm.RO_EURROADHASROADSEG';'Database Connections\adm@itgi.sde\itgi.adm.RO_EurRoadHasRoadSeg_50';'Database Connections\adm@itgi.sde\itgi.adm.RO_LargeRoundabout_50';'Database Connections\adm@itgi.sde\itgi.adm.RO_MunicipalityHasRoadSeg';'Database Connections\adm@itgi.sde\itgi.adm.RO_NationalNumberedRoad';'Database Connections\adm@itgi.sde\itgi.adm.RO_NatRegNumberedRoad';'Database Connections\adm@itgi.sde\itgi.adm.RO_NatRegRoadHasRoadSeg';'Database Connections\adm@itgi.sde\itgi.adm.RO_NatRoadHasAccessExit_50';'Database Connections\adm@itgi.sde\itgi.adm.RO_NATROADHASROADSEG';'Database Connections\adm@itgi.sde\itgi.adm.RO_NatRoadHasRoadSeg_50';'Database Connections\adm@itgi.sde\itgi.adm.RO_Obstruction';'Database Connections\adm@itgi.sde\itgi.adm.RO_OrdinaryRoadSurface';'Database Connections\adm@itgi.sde\itgi.adm.RO_PathSegment';'Database Connections\adm@itgi.sde\itgi.adm.RO_PathSegment_50';'Database Connections\adm@itgi.sde\itgi.adm.RO_RoadSegment';'Database Connections\adm@itgi.sde\itgi.adm.RO_RoadSegment_50';'Database Connections\adm@itgi.sde\itgi.adm.RO_StreetName';'Database Connections\adm@itgi.sde\itgi.adm.RO_StreetNameStatus';'Database Connections\adm@itgi.sde\itgi.adm.SP_Grid_10k';'Database Connections\adm@itgi.sde\itgi.adm.SP_Grid_50k';'Database Connections\adm@itgi.sde\itgi.adm.ZO_MilitaryDomain';'Database Connections\adm@itgi.sde\itgi.adm.ZO_ParticularPointZone_50';'Database Connections\adm@itgi.sde\itgi.adm.ZO_ParticularZone';'Database Connections\adm@itgi.sde\itgi.adm.ZO_ParticularZone_50' elf GRANT #</Process><Process ToolSource="c:\program files (x86)\arcgis\desktop10.2\ArcToolbox\Toolboxes\Conversion Tools.tbx\FeatureClassToFeatureClass" Date="20190120" Time="104826">FeatureClassToFeatureClass statsector "\\mass1\adminvector$\Work data\adminvector08.gdb" AD_0_StatisticSector # "xyorigin "XYORIGIN" true true false 4 Long 0 10 ,First,#,statsector,xyorigin,-1,-1;zorigin "ZORIGIN" true true false 4 Long 0 10 ,First,#,statsector,zorigin,-1,-1;modificationdate "modificationdate" true true false 36 Date 0 0 ,First,#,statsector,modificationdate,-1,-1;niscode "niscode" true true false 255 Text 0 0 ,First,#,statsector,niscode,-1,-1;xyextrainfo "xyextrainfo" true true false 255 Text 0 0 ,First,#,statsector,xyextrainfo,-1,-1;zextrainfo "zextrainfo" true true false 255 Text 0 0 ,First,#,statsector,zextrainfo,-1,-1;tgid "tgid" true true false 38 Text 0 0 ,First,#,statsector,tgid,-1,-1;tgid_municipality "tgid_municipality" true true false 38 Text 0 0 ,First,#,statsector,tgid_municipality,-1,-1;xstart "xstart" true true false 36 Date 0 0 ,First,#,statsector,xstart,-1,-1;st_area_shape_ "st_area(shape)" false true true 0 Double 0 0 ,First,#,statsector,st_area(shape),-1,-1;st_length_shape_ "st_length(shape)" false true true 0 Double 0 0 ,First,#,statsector,st_length(shape),-1,-1" #</Process><Process ToolSource="c:\program files (x86)\arcgis\desktop10.2\ArcToolbox\Toolboxes\Data Management Tools.tbx\Dissolve" Date="20190120" Time="104854">Dissolve niveauinf "\\mass1\adminvector$\Work data\adminvector08.gdb\AD_2_Municipality" tgid_municipality # MULTI_PART DISSOLVE_LINES</Process><Process ToolSource="c:\program files (x86)\arcgis\desktop10.2\ArcToolbox\Toolboxes\Data Management Tools.tbx\JoinField" Date="20190120" Time="104903">JoinField "\\mass1\adminvector$\Work data\adminvector08.gdb\AD_2_Municipality" tgid_municipality entite tgid #</Process><Process ToolSource="c:\program files (x86)\arcgis\desktop10.6\ArcToolbox\Toolboxes\Data Management Tools.tbx\DeleteField" Date="20190120" Time="115327">DeleteField entite tgid_municipality;tgid;tgid_district;xstart;begin_date;end_date</Process><Process ToolSource="c:\program files (x86)\arcgis\desktop10.6\ArcToolbox\Toolboxes\Data Management Tools.tbx\AlterField" Date="20190120" Time="115333">AlterField "\\mass1\AdminVector$\Work data\adminvector08.gdb\AD_2_Municipality" niscode "NIS Code" # TEXT 255 NULLABLE false</Process><Process ToolSource="c:\program files (x86)\arcgis\desktop10.6\ArcToolbox\Toolboxes\Data Management Tools.tbx\AlterField" Date="20190120" Time="115336">AlterField "\\mass1\AdminVector$\Work data\adminvector08.gdb\AD_2_Municipality" NIS_Code NISCode NISCode TEXT 255 NULLABLE false</Process><Process ToolSource="c:\program files (x86)\arcgis\desktop10.6\ArcToolbox\Toolboxes\Data Management Tools.tbx\AlterField" Date="20190120" Time="115339">AlterField "\\mass1\AdminVector$\Work data\adminvector08.gdb\AD_2_Municipality" districtcapital "District Capital" # LONG 4 NULLABLE false</Process><Process ToolSource="c:\program files (x86)\arcgis\desktop10.6\ArcToolbox\Toolboxes\Data Management Tools.tbx\AlterField" Date="20190120" Time="115343">AlterField "\\mass1\AdminVector$\Work data\adminvector08.gdb\AD_2_Municipality" District_Capital DistrictCapital DistrictCapital LONG 4 NULLABLE false</Process><Process ToolSource="c:\program files (x86)\arcgis\desktop10.6\ArcToolbox\Toolboxes\Data Management Tools.tbx\AlterField" Date="20190120" Time="115345">AlterField "\\mass1\AdminVector$\Work data\adminvector08.gdb\AD_2_Municipality" provincecapital "Province Capital" # LONG 4 NULLABLE false</Process><Process ToolSource="c:\program files (x86)\arcgis\desktop10.6\ArcToolbox\Toolboxes\Data Management Tools.tbx\AlterField" Date="20190120" Time="115348">AlterField "\\mass1\AdminVector$\Work data\adminvector08.gdb\AD_2_Municipality" Province_Capital ProvinceCapital ProvinceCapital LONG 4 NULLABLE false</Process><Process ToolSource="c:\program files (x86)\arcgis\desktop10.6\ArcToolbox\Toolboxes\Data Management Tools.tbx\AlterField" Date="20190120" Time="115352">AlterField "\\mass1\AdminVector$\Work data\adminvector08.gdb\AD_2_Municipality" regioncapital "Region Capital" # LONG 4 NULLABLE false</Process><Process ToolSource="c:\program files (x86)\arcgis\desktop10.6\ArcToolbox\Toolboxes\Data Management Tools.tbx\AlterField" Date="20190120" Time="115355">AlterField "\\mass1\AdminVector$\Work data\adminvector08.gdb\AD_2_Municipality" Region_Capital RegionCapital RegionCapital LONG 4 NULLABLE false</Process><Process ToolSource="c:\program files (x86)\arcgis\desktop10.6\ArcToolbox\Toolboxes\Data Management Tools.tbx\AlterField" Date="20190120" Time="115358">AlterField "\\mass1\AdminVector$\Work data\adminvector08.gdb\AD_2_Municipality" countrycapital "Country Capital" # LONG 4 NULLABLE false</Process><Process ToolSource="c:\program files (x86)\arcgis\desktop10.6\ArcToolbox\Toolboxes\Data Management Tools.tbx\AlterField" Date="20190120" Time="115401">AlterField "\\mass1\AdminVector$\Work data\adminvector08.gdb\AD_2_Municipality" Country_Capital CountryCapital CountryCapital LONG 4 NULLABLE false</Process><Process ToolSource="c:\program files (x86)\arcgis\desktop10.6\ArcToolbox\Toolboxes\Data Management Tools.tbx\AlterField" Date="20190120" Time="115404">AlterField "\\mass1\AdminVector$\Work data\adminvector08.gdb\AD_2_Municipality" city "Official City" # LONG 4 NULLABLE false</Process><Process ToolSource="c:\program files (x86)\arcgis\desktop10.6\ArcToolbox\Toolboxes\Data Management Tools.tbx\AlterField" Date="20190120" Time="115407">AlterField "\\mass1\AdminVector$\Work data\adminvector08.gdb\AD_2_Municipality" Official_City City City LONG 4 NULLABLE false</Process><Process ToolSource="c:\program files (x86)\arcgis\desktop10.6\ArcToolbox\Toolboxes\Data Management Tools.tbx\AlterField" Date="20190120" Time="115411">AlterField "\\mass1\AdminVector$\Work data\adminvector08.gdb\AD_2_Municipality" languagestatute "Language Statute" # LONG 4 NULLABLE false</Process><Process ToolSource="c:\program files (x86)\arcgis\desktop10.6\ArcToolbox\Toolboxes\Data Management Tools.tbx\AlterField" Date="20190120" Time="115414">AlterField "\\mass1\AdminVector$\Work data\adminvector08.gdb\AD_2_Municipality" Language_Statute LanguageStatute LanguageStatute LONG 4 NULLABLE false</Process><Process ToolSource="c:\program files (x86)\arcgis\desktop10.6\ArcToolbox\Toolboxes\Data Management Tools.tbx\AlterField" Date="20190120" Time="115417">AlterField "\\mass1\AdminVector$\Work data\adminvector08.gdb\AD_2_Municipality" modificationdate ModifDate # DATE 8 NULLABLE false</Process><Process ToolSource="c:\program files (x86)\arcgis\desktop10.6\ArcToolbox\Toolboxes\Data Management Tools.tbx\AlterField" Date="20190120" Time="115420">AlterField "\\mass1\AdminVector$\Work data\adminvector08.gdb\AD_2_Municipality" ModifDate ModifDate ModifDate DATE 8 NULLABLE false</Process><Process ToolSource="c:\program files (x86)\arcgis\desktop10.2\ArcToolbox\Toolboxes\Data Management Tools.tbx\Project" Date="20191113" Time="102338">Project \\mass1\adminvector$\Publish\2019_v4\Data\adminvector08.gdb\AD_2_Municipality \\mass1\adminvector$\Publish\2019_v4\Data\adminvector08.gdb\AD_2_Municipalitypr GEOGCS['GCS_WGS_1984',DATUM['D_WGS_1984',SPHEROID['WGS_1984',6378137.0,298.257223563]],PRIMEM['Greenwich',0.0],UNIT['Degree',0.0174532925199433]] 'ntv2_grid_lb72lb08.gtf + Belge_1972_To_WGS_1984_3' PROJCS['Belge_Lambert_2008',GEOGCS['GCS_ETRS_1989',DATUM['D_ETRS_1989',SPHEROID['GRS_1980',6378137.0,298.257222101]],PRIMEM['Greenwich',0.0],UNIT['Degree',0.0174532925199433]],PROJECTION['Lambert_Conformal_Conic'],PARAMETER['False_Easting',649328.0],PARAMETER['False_Northing',665262.0],PARAMETER['Central_Meridian',4.359215833333333],PARAMETER['Standard_Parallel_1',49.83333333333334],PARAMETER['Standard_Parallel_2',51.16666666666666],PARAMETER['Latitude_Of_Origin',50.797815],UNIT['Meter',1.0]]</Process><Process ToolSource="c:\program files (x86)\arcgis\desktop10.2\ArcToolbox\Toolboxes\Conversion Tools.tbx\FeatureClassToFeatureClass" Date="20191113" Time="102345">FeatureClassToFeatureClass \\mass1\adminvector$\Publish\2019_v4\Data\adminvector08.gdb\AD_2_Municipalitypr \\mass1\adminvector$\Publish\2019_v4\Data\adminvectorwgs.gdb AD_2_Municipality # "ModifDate "ModifDate" true true false 8 Date 0 0 ,First,#,\\mass1\adminvector$\Publish\2019_v4\Data\adminvector08.gdb\AD_2_Municipalitypr,ModifDate,-1,-1;City "City" true true false 4 Long 0 0 ,First,#,\\mass1\adminvector$\Publish\2019_v4\Data\adminvector08.gdb\AD_2_Municipalitypr,City,-1,-1;LanguageStatute "LanguageStatute" true true false 4 Long 0 0 ,First,#,\\mass1\adminvector$\Publish\2019_v4\Data\adminvector08.gdb\AD_2_Municipalitypr,LanguageStatute,-1,-1;NISCode "NISCode" true true false 255 Text 0 0 ,First,#,\\mass1\adminvector$\Publish\2019_v4\Data\adminvector08.gdb\AD_2_Municipalitypr,NISCode,-1,-1;DistrictCapital "DistrictCapital" true true false 4 Long 0 0 ,First,#,\\mass1\adminvector$\Publish\2019_v4\Data\adminvector08.gdb\AD_2_Municipalitypr,DistrictCapital,-1,-1;ProvinceCapital "ProvinceCapital" true true false 4 Long 0 0 ,First,#,\\mass1\adminvector$\Publish\2019_v4\Data\adminvector08.gdb\AD_2_Municipalitypr,ProvinceCapital,-1,-1;RegionCapital "RegionCapital" true true false 4 Long 0 0 ,First,#,\\mass1\adminvector$\Publish\2019_v4\Data\adminvector08.gdb\AD_2_Municipalitypr,RegionCapital,-1,-1;CountryCapital "CountryCapital" true true false 4 Long 0 0 ,First,#,\\mass1\adminvector$\Publish\2019_v4\Data\adminvector08.gdb\AD_2_Municipalitypr,CountryCapital,-1,-1;NameGer "NameGer" true true false 50 Text 0 0 ,First,#,\\mass1\adminvector$\Publish\2019_v4\Data\adminvector08.gdb\AD_2_Municipalitypr,NameGer,-1,-1;NameFre "NameFre" true true false 50 Text 0 0 ,First,#,\\mass1\adminvector$\Publish\2019_v4\Data\adminvector08.gdb\AD_2_Municipalitypr,NameFre,-1,-1;NameDut "NameDut" true true false 50 Text 0 0 ,First,#,\\mass1\adminvector$\Publish\2019_v4\Data\adminvector08.gdb\AD_2_Municipalitypr,NameDut,-1,-1;Shape_Length "Shape_Length" false true true 8 Double 0 0 ,First,#,\\mass1\adminvector$\Publish\2019_v4\Data\adminvector08.gdb\AD_2_Municipalitypr,Shape_Length,-1,-1;Shape_Area "Shape_Area" false true true 8 Double 0 0 ,First,#,\\mass1\adminvector$\Publish\2019_v4\Data\adminvector08.gdb\AD_2_Municipalitypr,Shape_Area,-1,-1" #</Process><Process ToolSource="c:\program files (x86)\arcgis\desktop10.2\ArcToolbox\Toolboxes\Data Management Tools.tbx\CopyFeatures" Date="20191113" Time="102800">CopyFeatures \\mass1\adminvector$\Publish\2019_v4\Data\adminvectorwgs.gdb\AD_2_Municipality \\mass1\adminvector$\Publish\2019_v4\Data\adminvectorwgs\AD_2_Municipality.shp # 0 0 0</Process></lineage><itemProps><itemName Sync="TRUE">AD_2_Municipality</itemName><imsContentType Sync="TRUE">002</imsContentType><itemLocation><linkage Sync="TRUE">file://\\mass1\adminvector$\Publish\2019_v4\Data\adminvectorwgs\AD_2_Municipality.shp</linkage><protocol Sync="TRUE">Local Area Network</protocol></itemLocation><nativeExtBox><westBL Sync="TRUE">522281.219000</westBL><eastBL Sync="TRUE">795171.889000</eastBL><southBL Sync="TRUE">521173.371000</southBL><northBL Sync="TRUE">744030.463000</northBL><exTypeCode Sync="TRUE">1</exTypeCode></nativeExtBox><itemSize Sync="TRUE">0.000</itemSize></itemProps><coordRef><type Sync="TRUE">Geographic</type><geogcsn Sync="TRUE">GCS_WGS_1984</geogcsn><csUnits Sync="TRUE">Angular Unit: Degree (0.017453)</csUnits><peXml Sync="TRUE">&lt;GeographicCoordinateSystem xsi:type='typens:GeographicCoordinateSystem' xmlns:xsi='http://www.w3.org/2001/XMLSchema-instance' xmlns:xs='http://www.w3.org/2001/XMLSchema' xmlns:typens='http://www.esri.com/schemas/ArcGIS/10.1'&gt;&lt;WKT&gt;GEOGCS[&amp;quot;GCS_WGS_1984&amp;quot;,DATUM[&amp;quot;D_WGS_1984&amp;quot;,SPHEROID[&amp;quot;WGS_1984&amp;quot;,6378137.0,298.257223563]],PRIMEM[&amp;quot;Greenwich&amp;quot;,0.0],UNIT[&amp;quot;Degree&amp;quot;,0.0174532925199433],AUTHORITY[&amp;quot;EPSG&amp;quot;,4326]]&lt;/WKT&gt;&lt;XOrigin&gt;-400&lt;/XOrigin&gt;&lt;YOrigin&gt;-400&lt;/YOrigin&gt;&lt;XYScale&gt;11258999068426.238&lt;/XYScale&gt;&lt;ZOrigin&gt;-100000&lt;/ZOrigin&gt;&lt;ZScale&gt;10000&lt;/ZScale&gt;&lt;MOrigin&gt;-100000&lt;/MOrigin&gt;&lt;MScale&gt;10000&lt;/MScale&gt;&lt;XYTolerance&gt;8.983152841195215e-009&lt;/XYTolerance&gt;&lt;ZTolerance&gt;0.001&lt;/ZTolerance&gt;&lt;MTolerance&gt;0.001&lt;/MTolerance&gt;&lt;HighPrecision&gt;true&lt;/HighPrecision&gt;&lt;LeftLongitude&gt;-180&lt;/LeftLongitude&gt;&lt;WKID&gt;4326&lt;/WKID&gt;&lt;LatestWKID&gt;4326&lt;/LatestWKID&gt;&lt;/GeographicCoordinateSystem&gt;</peXml></coordRef></DataProperties><SyncDate>20191113</SyncDate><SyncTime>10275800</SyncTime><ModDate>20191113</ModDate><ModTime>10275800</ModTime></Esri><dataIdInfo><envirDesc Sync="TRUE"> Version 6.2 (Build 9200) ; Esri ArcGIS 10.2.2.3552</envirDesc><dataLang><languageCode value="fra" Sync="TRUE"></languageCode><countryCode value="CAN" Sync="TRUE"></countryCode></dataLang><idCitation><resTitle Sync="TRUE">AD_2_Municipality</resTitle><presForm><PresFormCd value="005" Sync="TRUE"></PresFormCd></presForm></idCitation><spatRpType><SpatRepTypCd value="001" Sync="TRUE"></SpatRepTypCd></spatRpType><dataExt><vertEle><vertMinVal Sync="TRUE">0.000000</vertMinVal><vertMaxVal Sync="TRUE">0.000000</vertMaxVal></vertEle><geoEle/></dataExt><dataExt><geoEle><GeoBndBox esriExtentType="search"><exTypeCode Sync="TRUE">1</exTypeCode><westBL Sync="TRUE">2.529934</westBL><eastBL Sync="TRUE">6.459013</eastBL><northBL Sync="TRUE">51.505836</northBL><southBL Sync="TRUE">49.484617</southBL></GeoBndBox></geoEle></dataExt></dataIdInfo><mdLang><languageCode value="fra" Sync="TRUE"></languageCode><countryCode value="CAN" Sync="TRUE"></countryCode></mdLang><distInfo><distFormat><formatName Sync="TRUE">Shapefile</formatName></distFormat><distTranOps><transSize Sync="TRUE">0.000</transSize></distTranOps></distInfo><mdHrLv><ScopeCd value="005" Sync="TRUE"></ScopeCd></mdHrLv><mdHrLvName Sync="TRUE">dataset</mdHrLvName><refSysInfo><RefSystem><refSysID><identCode code="4326" Sync="TRUE"></identCode><idCodeSpace Sync="TRUE">EPSG</idCodeSpace><idVersion Sync="TRUE">8.2.6</idVersion></refSysID></RefSystem></refSysInfo><spatRepInfo><VectSpatRep><geometObjs Name="AD_2_Municipality"><geoObjTyp><GeoObjTypCd value="002" Sync="TRUE"></GeoObjTypCd></geoObjTyp><geoObjCnt Sync="TRUE">0</geoObjCnt></geometObjs><topLvl><TopoLevCd value="001" Sync="TRUE"></TopoLevCd></topLvl></VectSpatRep></spatRepInfo><spdoinfo><ptvctinf><esriterm Name="AD_2_Municipality"><efeatyp Sync="TRUE">Simple</efeatyp><efeageom code="4" Sync="TRUE"></efeageom><esritopo Sync="TRUE">FALSE</esritopo><efeacnt Sync="TRUE">0</efeacnt><spindex Sync="TRUE">FALSE</spindex><linrefer Sync="TRUE">TRUE</linrefer></esriterm></ptvctinf></spdoinfo><eainfo><detailed Name="AD_2_Municipality"><enttyp><enttypl Sync="TRUE">AD_2_Municipality</enttypl><enttypt Sync="TRUE">Feature Class</enttypt><enttypc Sync="TRUE">0</enttypc></enttyp><attr><attrlabl Sync="TRUE">FID</attrlabl><attalias Sync="TRUE">FID</attalias><attrtype Sync="TRUE">OID</attrtype><attwidth Sync="TRUE">4</attwidth><atprecis Sync="TRUE">0</atprecis><attscale Sync="TRUE">0</attscale><attrdef Sync="TRUE">Internal feature number.</attrdef><attrdefs Sync="TRUE">Esri</attrdefs><attrdomv><udom Sync="TRUE">Sequential unique whole numbers that are automatically generated.</udom></attrdomv></attr><attr><attrlabl Sync="TRUE">Shape</attrlabl><attalias Sync="TRUE">Shape</attalias><attrtype Sync="TRUE">Geometry</attrtype><attwidth Sync="TRUE">0</attwidth><atprecis Sync="TRUE">0</atprecis><attscale Sync="TRUE">0</attscale><attrdef Sync="TRUE">Feature geometry.</attrdef><attrdefs Sync="TRUE">Esri</attrdefs><attrdomv><udom Sync="TRUE">Coordinates defining the features.</udom></attrdomv></attr><attr><attrlabl Sync="TRUE">Shape_Area</attrlabl><attalias Sync="TRUE">Shape_Area</attalias><attrtype Sync="TRUE">Double</attrtype><attwidth Sync="TRUE">19</attwidth><atprecis Sync="TRUE">0</atprecis><attscale Sync="TRUE">0</attscale><attrdef Sync="TRUE">Area of feature in internal units squared.</attrdef><attrdefs Sync="TRUE">Esri</attrdefs><attrdomv><udom Sync="TRUE">Positive real numbers that are automatically generated.</udom></attrdomv></attr><attr><attrlabl Sync="TRUE">ModifDate</attrlabl><attalias Sync="TRUE">ModifDate</attalias><attrtype Sync="TRUE">Date</attrtype><attwidth Sync="TRUE">8</attwidth><atprecis Sync="TRUE">0</atprecis><attscale Sync="TRUE">0</attscale></attr><attr><attrlabl Sync="TRUE">LanguageSt</attrlabl><attalias Sync="TRUE">LanguageSt</attalias><attrtype Sync="TRUE">Integer</attrtype><attwidth Sync="TRUE">9</attwidth><atprecis Sync="TRUE">9</atprecis><attscale Sync="TRUE">0</attscale></attr><attr><attrlabl Sync="TRUE">City</attrlabl><attalias Sync="TRUE">City</attalias><attrtype Sync="TRUE">Integer</attrtype><attwidth Sync="TRUE">9</attwidth><atprecis Sync="TRUE">9</atprecis><attscale Sync="TRUE">0</attscale></attr><attr><attrlabl Sync="TRUE">DistrictCa</attrlabl><attalias Sync="TRUE">DistrictCa</attalias><attrtype Sync="TRUE">Integer</attrtype><attwidth Sync="TRUE">9</attwidth><atprecis Sync="TRUE">9</atprecis><attscale Sync="TRUE">0</attscale></attr><attr><attrlabl Sync="TRUE">ProvinceCa</attrlabl><attalias Sync="TRUE">ProvinceCa</attalias><attrtype Sync="TRUE">Integer</attrtype><attwidth Sync="TRUE">9</attwidth><atprecis Sync="TRUE">9</atprecis><attscale Sync="TRUE">0</attscale></attr><attr><attrlabl Sync="TRUE">RegionCapi</attrlabl><attalias Sync="TRUE">RegionCapi</attalias><attrtype Sync="TRUE">Integer</attrtype><attwidth Sync="TRUE">9</attwidth><atprecis Sync="TRUE">9</atprecis><attscale Sync="TRUE">0</attscale></attr><attr><attrlabl Sync="TRUE">CountryCap</attrlabl><attalias Sync="TRUE">CountryCap</attalias><attrtype Sync="TRUE">Integer</attrtype><attwidth Sync="TRUE">9</attwidth><atprecis Sync="TRUE">9</atprecis><attscale Sync="TRUE">0</attscale></attr><attr><attrlabl Sync="TRUE">NISCode</attrlabl><attalias Sync="TRUE">NISCode</attalias><attrtype Sync="TRUE">String</attrtype><attwidth Sync="TRUE">254</attwidth><atprecis Sync="TRUE">0</atprecis><attscale Sync="TRUE">0</attscale></attr><attr><attrlabl Sync="TRUE">NameGer</attrlabl><attalias Sync="TRUE">NameGer</attalias><attrtype Sync="TRUE">String</attrtype><attwidth Sync="TRUE">50</attwidth><atprecis Sync="TRUE">0</atprecis><attscale Sync="TRUE">0</attscale></attr><attr><attrlabl Sync="TRUE">NameFre</attrlabl><attalias Sync="TRUE">NameFre</attalias><attrtype Sync="TRUE">String</attrtype><attwidth Sync="TRUE">50</attwidth><atprecis Sync="TRUE">0</atprecis><attscale Sync="TRUE">0</attscale></attr><attr><attrlabl Sync="TRUE">Shape_Leng</attrlabl><attalias Sync="TRUE">Shape_Leng</attalias><attrtype Sync="TRUE">Double</attrtype><attwidth Sync="TRUE">19</attwidth><atprecis Sync="TRUE">0</atprecis><attscale Sync="TRUE">0</attscale></attr><attr><attrlabl Sync="TRUE">NameDut</attrlabl><attalias Sync="TRUE">NameDut</attalias><attrtype Sync="TRUE">String</attrtype><attwidth Sync="TRUE">50</attwidth><atprecis Sync="TRUE">0</atprecis><attscale Sync="TRUE">0</attscale></attr></detailed></eainfo><mdDateSt Sync="TRUE">20191113</mdDateSt></metadata>
