AB_r,Bacterial_genotype,Phage_t,OD_0h,OD_20h,OD_72h,Survival_72h,PhageR_72h
Rif,D516G,C_noPhage,0.1971,0.596,0.69,1,NA
Rif,D516G,C_noPhage,0.1593,0.5702,0.6989,1,NA
Rif,D516G,C_noPhage,0.0926,0.6613,0.6474,1,NA
Rif,D516G,C_noPhage,0.1482,0.6465,0.7045,1,NA
Rif,D516G,C_noPhage,0.0978,0.6752,0.67,1,NA
Rif,D516G,C_noPhage,0.0897,0.6425,0.6846,1,NA
Rif,D516G,C_noPhage,0.1624,0.7368,0.7594,1,NA
Rif,D516G,C_noPhage,0.0886,0.7138,0.6877,1,NA
Rif,D516G,C_noPhage,0.0875,0.6723,0.6897,1,NA
Rif,D516G,C_noPhage,0.0722,0.6115,0.6763,1,NA
Rif,D516G,C_noPhage,0.0879,0.6572,0.6931,1,NA
Rif,D516G,C_noPhage,0.1458,0.6694,0.7514,1,NA
Rif,D516G,C_noPhage,0.1086,0.5601,0.7154,1,NA
Rif,D516G,C_noPhage,0.0953,0.5966,0.7037,1,NA
Rif,D516G,C_noPhage,0.0784,0.6984,0.6893,1,NA
Rif,D516G,C_noPhage,0.0923,0.7327,0.718,1,NA
Rif,D516G,C_noPhage,0.0808,0.7697,0.7316,1,NA
Rif,D516G,C_noPhage,0.085,0.7751,0.7524,1,NA
Rif,D516G,C_noPhage,0.0999,0.6703,0.6563,1,NA
Rif,D516G,C_noPhage,0.1696,0.6969,0.7262,1,NA
Rif,D516G,C_noPhage,0.162,0.6828,0.7282,1,NA
Rif,D516G,C_noPhage,0.0922,0.7142,0.6956,1,NA
Rif,D516G,C_noPhage,0.099,0.7173,0.7455,1,NA
Rif,D516G,C_noPhage,0.0763,0.8125,0.766,1,NA
Cip,D87G,C_noPhage,0.1798,0.7687,0.7395,1,NA
Cip,D87G,C_noPhage,0.1446,0.6928,0.7228,1,NA
Cip,D87G,C_noPhage,0.1434,0.8066,0.7284,1,NA
Cip,D87G,C_noPhage,0.1202,0.7522,0.7172,1,NA
Cip,D87G,C_noPhage,0.1043,0.7482,0.7211,1,NA
Cip,D87G,C_noPhage,0.1121,0.8204,0.7319,1,NA
Cip,D87G,C_noPhage,0.1204,0.8216,0.7405,1,NA
Cip,D87G,C_noPhage,0.0985,0.7436,0.7224,1,NA
Cip,D87G,C_noPhage,0.2625,0.7804,0.7053,1,NA
Cip,D87G,C_noPhage,0.2307,0.8067,0.7198,1,NA
Cip,D87G,C_noPhage,0.203,0.7191,0.7191,1,NA
Cip,D87G,C_noPhage,0.1563,0.7548,0.7321,1,NA
Cip,D87G,C_noPhage,0.1641,0.7877,0.7406,1,NA
Cip,D87G,C_noPhage,0.1546,0.7832,0.7317,1,NA
Cip,D87G,C_noPhage,0.1365,0.7128,0.7286,1,NA
Cip,D87G,C_noPhage,0.1407,0.7467,0.733,1,NA
Cip,D87G,C_noPhage,0.1523,0.792,0.7502,1,NA
Cip,D87G,C_noPhage,0.1254,0.7437,0.7237,1,NA
Cip,D87G,C_noPhage,0.1467,0.8231,0.7561,1,NA
Cip,D87G,C_noPhage,0.1163,0.8229,0.7302,1,NA
Cip,D87G,C_noPhage,0.1145,0.7798,0.7446,1,NA
Cip,D87G,C_noPhage,0.0839,0.7342,0.7154,1,NA
Cip,D87G,C_noPhage,0.2701,0.7873,0.7133,1,NA
Cip,D87G,C_noPhage,0.126,0.8277,0.7283,1,NA
sensitive,WT,C_noPhage,0.1246,0.8172,0.778,1,NA
sensitive,WT,C_noPhage,0.1139,0.7044,0.7846,1,NA
sensitive,WT,C_noPhage,0.0774,0.7075,0.7884,1,NA
sensitive,WT,C_noPhage,0.0698,0.7806,0.8253,1,NA
sensitive,WT,C_noPhage,0.0744,0.7692,0.8352,1,NA
sensitive,WT,C_noPhage,0.1458,0.6947,0.7077,1,NA
sensitive,WT,C_noPhage,0.1394,0.6977,0.7027,1,NA
sensitive,WT,C_noPhage,0.1311,0.7221,0.7075,1,NA
sensitive,WT,C_noPhage,0.1381,0.7374,0.7238,1,NA
sensitive,WT,C_noPhage,0.1428,0.7595,0.7678,1,NA
sensitive,WT,C_noPhage,0.1144,0.7107,0.7476,1,NA
sensitive,WT,C_noPhage,0.129,0.805,0.7801,1,NA
sensitive,WT,C_noPhage,0.1696,0.7856,0.8233,1,NA
sensitive,WT,C_noPhage,0.1624,0.7841,0.827,1,NA
sensitive,WT,C_noPhage,0.162,0.8265,0.8347,1,NA
sensitive,WT,C_noPhage,0.0798,0.7038,0.7746,1,NA
sensitive,WT,C_noPhage,0.1,0.6982,0.8079,1,NA
sensitive,WT,C_noPhage,0.0836,0.7319,0.8061,1,NA
sensitive,WT,C_noPhage,0.0774,0.7798,0.8328,1,NA
sensitive,WT,C_noPhage,0.1086,0.7149,0.6214,1,NA
sensitive,WT,C_noPhage,0.1593,0.7283,0.6165,1,NA
sensitive,WT,C_noPhage,0.1482,0.7448,0.6441,1,NA
sensitive,WT,C_noPhage,0.1971,0.7623,0.7,1,NA
sensitive,WT,C_noPhage,0.1461,0.7966,0.8343,1,NA
Str,K43N,C_noPhage,0.16,0.4721,0.6188,1,NA
Str,K43N,C_noPhage,0.1357,0.4544,0.6188,1,NA
Str,K43N,C_noPhage,0.1588,0.5721,0.6443,1,NA
Str,K43N,C_noPhage,0.1201,0.5571,0.6166,1,NA
Str,K43N,C_noPhage,0.1296,0.5109,0.632,1,NA
Str,K43N,C_noPhage,0.1172,0.5686,0.6213,1,NA
Str,K43N,C_noPhage,0.1334,0.5275,0.6468,1,NA
Str,K43N,C_noPhage,0.1159,0.4578,0.6396,1,NA
Str,K43N,C_noPhage,0.1027,0.5707,0.6272,1,NA
Str,K43N,C_noPhage,0.0981,0.5049,0.6252,1,NA
Str,K43N,C_noPhage,0.1034,0.5382,0.6416,1,NA
Str,K43N,C_noPhage,0.0886,0.5269,0.6409,1,NA
Str,K43N,C_noPhage,0.0996,0.5416,0.6584,1,NA
Str,K43N,C_noPhage,0.0772,0.5861,0.6366,1,NA
Str,K43N,C_noPhage,0.0927,0.5432,0.6545,1,NA
Str,K43N,C_noPhage,0.0899,0.5654,0.6519,1,NA
Str,K43N,C_noPhage,0.0891,0.5405,0.6524,1,NA
Str,K43N,C_noPhage,0.0713,0.6408,0.6572,1,NA
Str,K43N,C_noPhage,0.097,0.5628,0.6852,1,NA
Str,K43N,C_noPhage,0.0594,0.6333,0.6934,1,NA
Str,K43N,C_noPhage,0.0963,0.4897,0.6207,1,NA
Str,K43N,C_noPhage,0.0754,0.4805,0.629,1,NA
Str,K43N,C_noPhage,0.0744,0.627,0.6519,1,NA
Str,K43N,C_noPhage,0.1053,0.545,0.6992,1,NA
Str,K88R,C_noPhage,0.1826,0.5755,0.6963,1,NA
Str,K88R,C_noPhage,0.17,0.7285,0.7353,1,NA
Str,K88R,C_noPhage,0.0836,0.6845,0.702,1,NA
Str,K88R,C_noPhage,0.0862,0.7177,0.7061,1,NA
Str,K88R,C_noPhage,0.0933,0.7714,0.7133,1,NA
Str,K88R,C_noPhage,0.0874,0.5857,0.7136,1,NA
Str,K88R,C_noPhage,0.2709,0.7771,0.7291,1,NA
Str,K88R,C_noPhage,0.2431,0.7673,0.7107,1,NA
Str,K88R,C_noPhage,0.169,0.6931,0.7072,1,NA
Str,K88R,C_noPhage,0.1669,0.7253,0.7104,1,NA
Str,K88R,C_noPhage,0.1037,0.7117,0.7072,1,NA
Str,K88R,C_noPhage,0.121,0.787,0.7266,1,NA
Str,K88R,C_noPhage,0.0969,0.7201,0.7065,1,NA
Str,K88R,C_noPhage,0.1118,0.6605,0.7216,1,NA
Str,K88R,C_noPhage,0.1266,0.7698,0.7371,1,NA
Str,K88R,C_noPhage,0.0968,0.7354,0.7095,1,NA
Str,K88R,C_noPhage,0.0924,0.7019,0.7076,1,NA
Str,K88R,C_noPhage,0.0947,0.7468,0.7115,1,NA
Str,K88R,C_noPhage,0.1004,0.675,0.7223,1,NA
Str,K88R,C_noPhage,0.0727,0.6839,0.7057,1,NA
Str,K88R,C_noPhage,0.0923,0.7385,0.7277,1,NA
Str,K88R,C_noPhage,0.1125,0.8088,0.7565,1,NA
Str,K88R,C_noPhage,0.1212,0.8105,0.7676,1,NA
Str,K88R,C_noPhage,0.1049,0.8004,0.7521,1,NA
Tet,RP4,C_noPhage,0.1785,0.6441,0.7063,1,NA
Tet,RP4,C_noPhage,0.0999,0.6436,0.6663,1,NA
Tet,RP4,C_noPhage,0.0852,0.6039,0.7446,1,NA
Tet,RP4,C_noPhage,0.0808,0.6867,0.7786,1,NA
Tet,RP4,C_noPhage,0.1146,0.6485,0.8128,1,NA
Tet,RP4,C_noPhage,0.1502,0.5798,0.6322,1,NA
Tet,RP4,C_noPhage,0.1937,0.622,0.7059,1,NA
Tet,RP4,C_noPhage,0.1105,0.5967,0.6641,1,NA
Tet,RP4,C_noPhage,0.129,0.7107,0.7015,1,NA
Tet,RP4,C_noPhage,0.1246,0.6923,0.707,1,NA
Tet,RP4,C_noPhage,0.1381,0.6969,0.7222,1,NA
Tet,RP4,C_noPhage,0.1525,0.6177,0.7481,1,NA
Tet,RP4,C_noPhage,0.0926,0.6455,0.6889,1,NA
Tet,RP4,C_noPhage,0.0978,0.6885,0.7063,1,NA
Tet,RP4,C_noPhage,0.1428,0.6658,0.7588,1,NA
Tet,RP4,C_noPhage,0.1311,0.6734,0.7654,1,NA
Tet,RP4,C_noPhage,0.0784,0.5978,0.7347,1,NA
Tet,RP4,C_noPhage,0.085,0.6585,0.7641,1,NA
Tet,RP4,C_noPhage,0.0922,0.6872,0.8129,1,NA
Tet,RP4,C_noPhage,0.0763,0.661,0.8004,1,NA
Tet,RP4,C_noPhage,0.067,0.5586,0.6736,1,NA
Tet,RP4,C_noPhage,0.1394,0.6853,0.7899,1,NA
Tet,RP4,C_noPhage,0.1461,0.7362,0.8109,1,NA
Tet,RP4,C_noPhage,0.1144,0.7064,0.7994,1,NA
Str,RSF1010,C_noPhage,0.1649,0.6836,0.7077,1,NA
Str,RSF1010,C_noPhage,0.1514,0.6969,0.6993,1,NA
Str,RSF1010,C_noPhage,0.1713,0.7113,0.723,1,NA
Str,RSF1010,C_noPhage,0.1114,0.7161,0.7184,1,NA
Str,RSF1010,C_noPhage,0.1031,0.728,0.7442,1,NA
Str,RSF1010,C_noPhage,0.0862,0.6982,0.7484,1,NA
Str,RSF1010,C_noPhage,0.0947,0.6929,0.7983,1,NA
Str,RSF1010,C_noPhage,0.1125,0.7641,0.8254,1,NA
Str,RSF1010,C_noPhage,0.1049,0.7602,0.8319,1,NA
Str,RSF1010,C_noPhage,0.103,0.699,0.8606,1,NA
Str,RSF1010,C_noPhage,0.1031,0.6696,0.6241,1,NA
Str,RSF1010,C_noPhage,0.1744,0.7019,0.721,1,NA
Str,RSF1010,C_noPhage,0.1037,0.6392,0.6552,1,NA
Str,RSF1010,C_noPhage,0.0677,0.5697,0.7064,1,NA
Str,RSF1010,C_noPhage,0.0969,0.7034,0.7366,1,NA
Str,RSF1010,C_noPhage,0.1089,0.7352,0.7572,1,NA
Str,RSF1010,C_noPhage,0.0744,0.6023,0.74,1,NA
Str,RSF1010,C_noPhage,0.1012,0.7396,0.7916,1,NA
Str,RSF1010,C_noPhage,0.121,0.7351,0.821,1,NA
Str,RSF1010,C_noPhage,0.1212,0.7419,0.8355,1,NA
Str,RSF1010,C_noPhage,0.0968,0.7092,0.8141,1,NA
Str,RSF1010,C_noPhage,0.1162,0.7247,0.8628,1,NA
Str,RSF1010,C_noPhage,0.1386,0.6781,0.6735,1,NA
Str,RSF1010,C_noPhage,0.1682,0.6932,0.7309,1,NA
Rif,S512F,C_noPhage,0.1641,0.6415,0.7267,1,NA
Rif,S512F,C_noPhage,0.0685,0.6931,0.7032,1,NA
Rif,S512F,C_noPhage,0.0717,0.7298,0.7074,1,NA
Rif,S512F,C_noPhage,0.0653,0.7624,0.7072,1,NA
Rif,S512F,C_noPhage,0.0644,0.7828,0.7436,1,NA
Rif,S512F,C_noPhage,0.2701,0.5592,0.686,1,NA
Rif,S512F,C_noPhage,0.2625,0.542,0.6812,1,NA
Rif,S512F,C_noPhage,0.1546,0.6655,0.7191,1,NA
Rif,S512F,C_noPhage,0.1407,0.6498,0.7115,1,NA
Rif,S512F,C_noPhage,0.1523,0.6475,0.7585,1,NA
Rif,S512F,C_noPhage,0.0764,0.6153,0.6884,1,NA
Rif,S512F,C_noPhage,0.0797,0.6251,0.6922,1,NA
Rif,S512F,C_noPhage,0.0843,0.6394,0.7002,1,NA
Rif,S512F,C_noPhage,0.0672,0.6903,0.6869,1,NA
Rif,S512F,C_noPhage,0.0605,0.667,0.6914,1,NA
Rif,S512F,C_noPhage,0.066,0.5981,0.6971,1,NA
Rif,S512F,C_noPhage,0.0678,0.6619,0.7007,1,NA
Rif,S512F,C_noPhage,0.0549,0.746,0.6959,1,NA
Rif,S512F,C_noPhage,0.0538,0.7847,0.7084,1,NA
Rif,S512F,C_noPhage,0.0936,0.7634,0.7555,1,NA
Rif,S512F,C_noPhage,0.0574,0.6593,0.6866,1,NA
Rif,S512F,C_noPhage,0.2307,0.6089,0.6881,1,NA
Rif,S512F,C_noPhage,0.203,0.5806,0.703,1,NA
Rif,S512F,C_noPhage,0.0645,0.6816,0.6789,1,NA
Cip,S83L,C_noPhage,0.2365,0.7695,0.7247,1,NA
Cip,S83L,C_noPhage,0.2173,0.7498,0.7124,1,NA
Cip,S83L,C_noPhage,0.1588,0.6133,0.6951,1,NA
Cip,S83L,C_noPhage,0.1099,0.7981,0.7203,1,NA
Cip,S83L,C_noPhage,0.108,0.7303,0.7235,1,NA
Cip,S83L,C_noPhage,0.2358,0.7641,0.7423,1,NA
Cip,S83L,C_noPhage,0.16,0.6037,0.7027,1,NA
Cip,S83L,C_noPhage,0.1659,0.7628,0.7541,1,NA
Cip,S83L,C_noPhage,0.1284,0.7564,0.7182,1,NA
Cip,S83L,C_noPhage,0.1263,0.7244,0.7279,1,NA
Cip,S83L,C_noPhage,0.1288,0.7408,0.7322,1,NA
Cip,S83L,C_noPhage,0.1428,0.7213,0.7483,1,NA
Cip,S83L,C_noPhage,0.1173,0.7327,0.7249,1,NA
Cip,S83L,C_noPhage,0.1034,0.756,0.7197,1,NA
Cip,S83L,C_noPhage,0.1076,0.8204,0.7266,1,NA
Cip,S83L,C_noPhage,0.1053,0.7782,0.7371,1,NA
Cip,S83L,C_noPhage,0.095,0.8241,0.7352,1,NA
Cip,S83L,C_noPhage,0.106,0.8056,0.7569,1,NA
Cip,S83L,C_noPhage,0.0985,0.8202,0.7524,1,NA
Cip,S83L,C_noPhage,-0.0008,0.8324,0.7365,1,NA
Cip,S83L,C_noPhage,0.1357,0.5776,0.7034,1,NA
Cip,S83L,C_noPhage,0.1159,0.5888,0.7195,1,NA
Cip,S83L,C_noPhage,0.1334,0.7775,0.7374,1,NA
Cip,S83L,C_noPhage,0.0927,0.7598,0.7123,1,NA
sensitive,MUT,C_noPhage,0.1012,0.8009,0.7837,1,NA
sensitive,MUT,C_noPhage,0.0955,0.7167,0.7832,1,NA
sensitive,MUT,C_noPhage,0.0809,0.7445,0.8285,1,NA
sensitive,MUT,C_noPhage,0.0654,0.7528,0.836,1,NA
sensitive,MUT,C_noPhage,0.0674,0.7601,0.8409,1,NA
sensitive,MUT,C_noPhage,0.2431,0.69,0.682,1,NA
sensitive,MUT,C_noPhage,0.17,0.7208,0.6456,1,NA
sensitive,MUT,C_noPhage,0.2709,0.7507,0.7605,1,NA
sensitive,MUT,C_noPhage,0.1744,0.7006,0.6718,1,NA
sensitive,MUT,C_noPhage,0.169,0.7559,0.6707,1,NA
sensitive,MUT,C_noPhage,0.1826,0.7006,0.6915,1,NA
sensitive,MUT,C_noPhage,0.1713,0.6993,0.7055,1,NA
sensitive,MUT,C_noPhage,0.1266,0.6545,0.6621,1,NA
sensitive,MUT,C_noPhage,0.1114,0.6508,0.6533,1,NA
sensitive,MUT,C_noPhage,0.1682,0.6932,0.7205,1,NA
sensitive,MUT,C_noPhage,0.1669,0.7581,0.7362,1,NA
sensitive,MUT,C_noPhage,0.1386,0.7276,0.7551,1,NA
sensitive,MUT,C_noPhage,0.1118,0.7356,0.7363,1,NA
sensitive,MUT,C_noPhage,0.1031,0.7788,0.781,1,NA
sensitive,MUT,C_noPhage,0.1089,0.7777,0.7983,1,NA
sensitive,MUT,C_noPhage,0.0706,0.7054,0.7901,1,NA
sensitive,MUT,C_noPhage,0.0533,0.7066,0.7795,1,NA
sensitive,MUT,C_noPhage,0.0656,0.706,0.7454,1,NA
sensitive,MUT,C_noPhage,0.0814,0.747,0.8163,1,NA
Rif,D516G,L,0.048,0.3326,0.5736,1,1
Rif,D516G,L,0.0942,0.246,0.6227,1,1
Rif,D516G,L,0.0409,0.2605,0.5737,1,1
Rif,D516G,L,0.1388,0.3279,0.7119,1,1
Rif,D516G,L,0.1019,0.2884,0.6761,1,1
Rif,D516G,L,0.0298,0.4095,0.6163,1,1
Rif,D516G,L,0.0337,0.3186,0.6291,1,1
Rif,D516G,L,0.0308,0.3208,0.6303,1,1
Rif,D516G,L,0.1188,0.4079,0.7466,1,1
Rif,D516G,L,0.1038,0.432,0.734,1,1
Rif,D516G,L,0.0543,0.4426,0.6926,1,1
Rif,D516G,L,0.03,0.2946,0.6721,1,1
Rif,D516G,L,0.0725,0.5584,0.7182,1,1
Rif,D516G,L,0.1164,0.2282,0.7698,1,1
Rif,D516G,L,0.082,0.6417,0.7455,1,1
Rif,D516G,L,0.0835,0.4804,0.7532,1,1
Rif,D516G,L,0.0516,0.4159,0.7231,1,1
Rif,D516G,L,0.0571,0.3726,0.7365,1,1
Rif,D516G,L,0.0566,0.3738,0.7475,1,1
Rif,D516G,L,0.0712,0.5441,0.7772,1,1
Rif,D516G,L,0.0701,0.6361,0.8078,1,1
Rif,D516G,L,0.0558,0.5999,0.8265,1,1
Rif,D516G,L,0.0528,0.4809,0.9051,1,1
Rif,D516G,L,0.0549,0.5986,0.921,1,1
Cip,D87G,L,0.0432,0.6625,0.4988,1,1
Cip,D87G,L,0.0485,0.6512,0.5224,1,1
Cip,D87G,L,0.0707,0.3128,0.6253,1,1
Cip,D87G,L,0.0706,0.2639,0.6288,1,1
Cip,D87G,L,0.0393,0.4945,0.6466,1,1
Cip,D87G,L,0.0371,0.6475,0.6528,1,1
Cip,D87G,L,0.0368,0.3346,0.6623,1,1
Cip,D87G,L,0.0433,0.4724,0.6756,1,1
Cip,D87G,L,0.176,0.4635,0.8089,1,1
Cip,D87G,L,0.0931,0.7644,0.7336,1,1
Cip,D87G,L,0.0354,0.4323,0.7,1,1
Cip,D87G,L,0.0714,0.8092,0.7378,1,1
Cip,D87G,L,0.0767,0.7528,0.7481,1,1
Cip,D87G,L,0.1238,0.3857,0.8248,1,1
Cip,D87G,L,0.0531,0.5538,0.7919,1,1
Cip,D87G,L,0.1267,0.5043,0.8735,1,1
Cip,D87G,L,0.0427,0.3773,0.8453,1,1
Cip,D87G,L,0.0623,0.6411,0.9559,1,1
Cip,D87G,L,0.0621,0.307,0.5867,1,1
Cip,D87G,L,0.1009,0.2821,0.6652,1,1
Cip,D87G,L,0.0419,0.6444,0.6277,1,1
Cip,D87G,L,0.0544,0.7923,0.7356,1,1
Cip,D87G,L,0.0386,0.4861,0.7447,1,1
Cip,D87G,L,0.111,0.4552,0.8891,1,1
sensitive,WT,L,0.0492,0.3221,0.5467,1,1
sensitive,WT,L,0.0424,0.4784,0.5618,1,1
sensitive,WT,L,0.0392,0.5251,0.6059,1,1
sensitive,WT,L,0.241,0.3956,0.8453,1,1
sensitive,WT,L,0.037,0.2727,0.6452,1,1
sensitive,WT,L,0.076,0.2905,0.6859,1,1
sensitive,WT,L,0.0833,0.3521,0.6973,1,1
sensitive,WT,L,0.1213,0.3922,0.7464,1,1
sensitive,WT,L,0.0224,0.3726,0.6486,1,1
sensitive,WT,L,0.069,0.356,0.7043,1,1
sensitive,WT,L,0.052,0.3533,0.7124,1,1
sensitive,WT,L,0.0366,0.2291,0.7096,1,1
sensitive,WT,L,0.104,0.3489,0.7916,1,1
sensitive,WT,L,0.0435,0.4804,0.7831,1,1
sensitive,WT,L,0.199,0.5639,0.9449,1,1
sensitive,WT,L,0.0687,0.5584,0.8655,1,1
sensitive,WT,L,0.0467,0.5999,0.8612,1,1
sensitive,WT,L,0.0448,0.4426,0.8713,1,1
sensitive,WT,L,0.0483,0.4159,0.9044,1,1
sensitive,WT,L,0.048,0.6361,0.9349,1,1
sensitive,WT,L,0.0532,0.6417,1.0197,1,1
sensitive,WT,L,0.0781,0.3578,0.655,1,1
sensitive,WT,L,0.0504,0.4737,0.657,1,1
Str,K43N,L,0.0369,0.1549,0.4905,1,1
Str,K43N,L,0.0655,0.1676,0.5337,1,1
Str,K43N,L,0.0573,0.153,0.5415,1,1
Str,K43N,L,0.1197,0.1785,0.6789,1,1
Str,K43N,L,0.0594,0.3211,0.6257,1,1
Str,K43N,L,0.0235,0.3454,0.5994,1,1
Str,K43N,L,0.0441,0.2432,0.6444,1,1
Str,K43N,L,0.0749,0.5295,0.6988,1,1
Str,K43N,L,0.0571,0.2736,0.6941,1,1
Str,K43N,L,0.0208,0.2921,0.6835,1,1
Str,K43N,L,0.0407,0.3506,0.709,1,1
Str,K43N,L,0.0616,0.6203,0.7358,1,1
Str,K43N,L,0.0834,0.4753,0.779,1,1
Str,K43N,L,0.0451,0.5261,0.7471,1,1
Str,K43N,L,0.073,0.3813,0.7801,1,1
Str,K43N,L,0.0765,0.3078,0.7941,1,1
Str,K43N,L,0.0799,0.5013,0.8222,1,1
Str,K43N,L,0.0396,0.39,0.8064,1,1
Str,K43N,L,0.0672,0.4635,0.8826,1,1
Str,K43N,L,0.0456,0.2803,0.8678,1,1
Str,K43N,L,0.0544,0.5001,0.9342,1,1
Str,K43N,L,0.0544,0.5584,0.9482,1,1
Str,K43N,L,0.0266,0.1607,0.5775,1,1
Str,K43N,L,0.0228,0.3162,0.7259,1,1
Str,K88R,L,0.0708,0.2692,0.5826,1,1
Str,K88R,L,0.1599,0.5555,0.7803,1,1
Str,K88R,L,0.0717,0.6813,0.6998,1,1
Str,K88R,L,0.0701,0.6885,0.6999,1,1
Str,K88R,L,0.0892,0.3117,0.7319,1,1
Str,K88R,L,0.0436,0.5761,0.7133,1,1
Str,K88R,L,0.0995,0.4388,0.7753,1,1
Str,K88R,L,0.0529,0.6562,0.7293,1,1
Str,K88R,L,0.0702,0.5159,0.7617,1,1
Str,K88R,L,0.0464,0.6306,0.7725,1,1
Str,K88R,L,0.1707,0.4289,0.909,1,1
Str,K88R,L,0.0433,0.5911,0.7932,1,1
Str,K88R,L,0.0626,0.7423,0.818,1,1
Str,K88R,L,0.0432,0.5484,0.8157,1,1
Str,K88R,L,0.1522,0.5401,0.9548,1,1
Str,K88R,L,0.0422,0.5732,0.8623,1,1
Str,K88R,L,0.1372,0.5038,0.9604,1,1
Str,K88R,L,0.0345,0.615,0.919,1,1
Str,K88R,L,0.0504,0.6866,0.995,1,1
Str,K88R,L,0.0635,0.376,0.5913,1,1
Str,K88R,L,0.0554,0.7775,0.652,1,1
Str,K88R,L,0.0529,0.7562,0.6524,1,1
Str,K88R,L,0.0628,0.7489,0.6856,1,1
Str,K88R,L,0.0666,0.6886,0.8194,1,1
Tet,RP4,L,0.1885,0.2988,0.719,1,1
Tet,RP4,L,0.0236,0.3221,0.561,1,1
Tet,RP4,L,0.0252,0.3533,0.5768,1,1
Tet,RP4,L,0.0272,0.2291,0.5935,1,1
Tet,RP4,L,0.1169,0.5441,0.7155,1,1
Tet,RP4,L,0.0516,0.3738,0.6799,1,1
Tet,RP4,L,0.0549,0.3186,0.6833,1,1
Tet,RP4,L,0.1419,0.3576,0.8149,1,1
Tet,RP4,L,0.03,0.2727,0.7203,1,1
Tet,RP4,L,0.1093,0.4784,0.8064,1,1
Tet,RP4,L,0.1008,0.4095,0.8076,1,1
Tet,RP4,L,0.0682,0.5986,0.8775,1,1
Tet,RP4,L,0.1228,0.5251,0.9399,1,1
Tet,RP4,L,0.0708,0.3208,0.8924,1,1
Tet,RP4,L,0.0858,0.4737,0.9648,1,1
Tet,RP4,L,0.1162,0.328,0.7354,1,1
Tet,RP4,L,0.1333,0.4852,0.7615,1,1
Tet,RP4,L,0.1479,0.367,0.7868,1,1
Tet,RP4,L,0.1393,0.3438,0.7795,1,1
Tet,RP4,L,0.1287,0.324,0.8097,1,1
Tet,RP4,L,0.1175,0.4809,0.7995,1,1
Tet,RP4,L,0.0404,0.2946,0.7758,1,1
Tet,RP4,L,0.1198,0.3938,0.9159,1,1
Str,RSF1010,L,0.1003,0.2405,0.6575,1,1
Str,RSF1010,L,0.0921,0.3685,0.6657,1,1
Str,RSF1010,L,0.027,0.3288,0.603,1,1
Str,RSF1010,L,0.0268,0.4988,0.6264,1,1
Str,RSF1010,L,0.025,0.4828,0.6431,1,1
Str,RSF1010,L,0.0294,0.3734,0.6515,1,1
Str,RSF1010,L,0.0464,0.5159,0.6956,1,1
Str,RSF1010,L,0.0282,0.3093,0.6871,1,1
Str,RSF1010,L,0.1066,0.2942,0.7661,1,1
Str,RSF1010,L,0.0562,0.7423,0.7179,1,1
Str,RSF1010,L,0.0349,0.3613,0.7063,1,1
Str,RSF1010,L,0.1617,0.4976,0.8395,1,1
Str,RSF1010,L,0.0919,0.4144,0.7972,1,1
Str,RSF1010,L,0.0446,0.189,0.7674,1,1
Str,RSF1010,L,0.0488,0.5484,0.7718,1,1
Str,RSF1010,L,0.044,0.6866,0.767,1,1
Str,RSF1010,L,0.125,0.4774,0.8517,1,1
Str,RSF1010,L,0.026,0.4663,0.7659,1,1
Str,RSF1010,L,0.0523,0.5761,0.831,1,1
Str,RSF1010,L,0.0567,0.6306,0.882,1,1
Str,RSF1010,L,0.0427,0.5732,0.9579,1,1
Str,RSF1010,L,0.0413,0.615,0.9708,1,1
Str,RSF1010,L,0.1252,0.4259,0.766,1,1
Str,RSF1010,L,0.1285,0.4188,0.8246,1,1
Rif,S512F,L,0.0434,0.1532,0.5491,1,1
Rif,S512F,L,0.0424,0.1999,0.5788,1,1
Rif,S512F,L,0.0221,0.2051,0.5852,1,1
Rif,S512F,L,0.0632,0.2694,0.6579,1,1
Rif,S512F,L,0.0201,0.2574,0.6336,1,1
Rif,S512F,L,0.0405,0.4945,0.6903,1,1
Rif,S512F,L,0.0234,0.3042,0.6759,1,1
Rif,S512F,L,0.0227,0.3455,0.6892,1,1
Rif,S512F,L,0.0365,0.4861,0.7247,1,1
Rif,S512F,L,0.0456,0.3898,0.7526,1,1
Rif,S512F,L,0.0285,0.4724,0.737,1,1
Rif,S512F,L,0.0265,0.4115,0.7532,1,1
Rif,S512F,L,0.0396,0.6411,0.8183,1,1
Rif,S512F,L,0.0494,0.248,0.6031,1,1
Rif,S512F,L,0.0302,0.3773,0.5874,1,1
Rif,S512F,L,0.0553,0.178,0.6167,1,1
Rif,S512F,L,0.0178,0.2356,0.6114,1,1
Rif,S512F,L,0.0339,0.5538,0.6374,1,1
Rif,S512F,L,0.0277,0.3346,0.6645,1,1
Rif,S512F,L,0.0579,0.2707,0.6992,1,1
Rif,S512F,L,0.0726,0.2782,0.728,1,1
Rif,S512F,L,0.0317,0.2373,0.6989,1,1
Rif,S512F,L,0.0597,0.3525,0.7322,1,1
Rif,S512F,L,0.033,0.4323,0.7135,1,1
Cip,S83L,L,0.0771,0.2769,0.6332,1,1
Cip,S83L,L,0.2465,0.4746,0.8448,1,1
Cip,S83L,L,0.1286,0.5295,0.7284,1,1
Cip,S83L,L,0.0537,0.5457,0.6546,1,1
Cip,S83L,L,0.0526,0.7546,0.6626,1,1
Cip,S83L,L,0.1422,0.3759,0.7751,1,1
Cip,S83L,L,0.0634,0.2783,0.702,1,1
Cip,S83L,L,0.0612,0.5416,0.7049,1,1
Cip,S83L,L,0.0646,0.6237,0.7142,1,1
Cip,S83L,L,0.1861,0.4099,0.8408,1,1
Cip,S83L,L,0.0668,0.5188,0.7369,1,1
Cip,S83L,L,0.0423,0.5013,0.7196,1,1
Cip,S83L,L,0.0376,0.4635,0.7196,1,1
Cip,S83L,L,0.0676,0.7835,0.7677,1,1
Cip,S83L,L,0.055,0.6915,0.7626,1,1
Cip,S83L,L,0.2338,0.5113,0.9435,1,1
Cip,S83L,L,0.1811,0.5406,0.91,1,1
Cip,S83L,L,0.0392,0.3506,0.7749,1,1
Cip,S83L,L,0.0509,0.39,0.8005,1,1
Cip,S83L,L,0.0448,0.5261,0.8226,1,1
Cip,S83L,L,0.0448,0.4753,0.8342,1,1
Cip,S83L,L,0.0634,0.6203,0.9033,1,1
Cip,S83L,L,0.0806,0.738,0.9309,1,1
Cip,S83L,L,0.1827,0.497,0.7441,1,1
sensitive,MUT,L,0.041,0.4828,0.6944,1,1
sensitive,MUT,L,0.0593,0.5059,0.7305,1,1
sensitive,MUT,L,0.0771,0.4919,0.7712,1,1
sensitive,MUT,L,0.0394,0.5911,0.8029,1,1
sensitive,MUT,L,0.0872,0.535,0.861,1,1
sensitive,MUT,L,0.0739,0.7489,0.8924,1,1
sensitive,MUT,L,0.0413,0.6562,0.8709,1,1
sensitive,MUT,L,0.0593,0.6885,0.8957,1,1
sensitive,MUT,L,0.0472,0.6886,0.895,1,1
sensitive,MUT,L,0.0471,0.7562,0.9331,1,1
sensitive,MUT,L,0.0428,0.6813,0.9674,1,1
sensitive,MUT,L,0.0547,0.3734,0.6868,1,1
sensitive,MUT,L,0.0451,0.3093,0.7126,1,1
sensitive,MUT,L,0.0827,0.5298,0.7517,1,1
sensitive,MUT,L,0.272,0.6563,0.9516,1,1
sensitive,MUT,L,0.2564,0.6941,0.9501,1,1
sensitive,MUT,L,0.0368,0.3288,0.7431,1,1
sensitive,MUT,L,0.0539,0.189,0.763,1,1
sensitive,MUT,L,0.0715,0.5108,0.8143,1,1
sensitive,MUT,L,0.0607,0.3613,0.814,1,1
sensitive,MUT,L,0.0827,0.501,0.8645,1,1
sensitive,MUT,L,0.0387,0.4988,0.8226,1,1
sensitive,MUT,L,0.0538,0.4663,0.8773,1,1
sensitive,MUT,L,0.0428,0.7775,1.0251,1,1
Rif,D516G,T4,0.0615,0.0085,0.0202,0,0
Rif,D516G,T4,0.0453,0.0062,0.0052,0,0
Rif,D516G,T4,0.0481,0.0059,0.0134,0,0
Rif,D516G,T4,0.0341,0.007,0.006,0,0
Rif,D516G,T4,0.0745,0.1585,0.0656,1,1
Rif,D516G,T4,0.0663,0.1739,0.1323,1,1
Rif,D516G,T4,0.0383,0.2137,0.1742,1,1
Rif,D516G,T4,0.0741,0.1577,0.2203,1,1
Rif,D516G,T4,0.112,0.1693,0.3093,1,1
Rif,D516G,T4,0.0787,0.123,0.2927,1,1
Rif,D516G,T4,0.0381,0.1746,0.2712,1,1
Rif,D516G,T4,0.0496,0.1389,0.36,1,1
Rif,D516G,T4,0.0738,0.1591,0.4062,1,1
Rif,D516G,T4,0.0352,0.1404,0.4286,1,1
Rif,D516G,T4,0.1006,0.2144,0.2195,1,1
Rif,D516G,T4,0.0702,0.1333,0.201,1,1
Rif,D516G,T4,0.0683,0.1347,0.2115,1,1
Rif,D516G,T4,0.0755,0.1561,0.2395,1,1
Rif,D516G,T4,0.0361,0.1536,0.2678,1,1
Rif,D516G,T4,0.0415,0.1349,0.3251,1,1
Rif,D516G,T4,0.0847,0.1694,0.3828,1,1
Rif,D516G,T4,0.0875,0.1515,0.3891,1,1
Rif,D516G,T4,0.039,0.1542,0.3717,1,1
Rif,D516G,T4,0.0283,0.1611,0.5308,1,1
Cip,D87G,T4,0.0837,0.0067,0.0076,0,0
Cip,D87G,T4,0.0599,0.0091,0.0131,0,0
Cip,D87G,T4,0.0966,0.1317,0.053,0,0
Cip,D87G,T4,0.1725,0.0349,0.1506,0,0
Cip,D87G,T4,0.0802,0.1911,0.3597,1,1
Cip,D87G,T4,0.0583,0.0813,0.4346,1,1
Cip,D87G,T4,0.0537,0.1323,0.4576,1,1
Cip,D87G,T4,0.0353,0.1732,0.5119,1,1
Cip,D87G,T4,0.0524,0.1681,0.1075,1,1
Cip,D87G,T4,0.0617,0.2073,0.208,1,1
Cip,D87G,T4,0.1212,0.0468,0.28,1,1
Cip,D87G,T4,0.0616,0.1958,0.3346,1,1
Cip,D87G,T4,0.0535,0.1088,0.347,1,1
Cip,D87G,T4,0.0559,0.2058,0.3721,1,1
Cip,D87G,T4,0.0547,0.1548,0.3807,1,1
Cip,D87G,T4,0.0924,0.1624,0.1587,1,1
Cip,D87G,T4,0.095,0.1041,0.1615,1,1
Cip,D87G,T4,0.0813,0.1358,0.2021,1,1
Cip,D87G,T4,0.0596,0.181,0.1878,1,1
Cip,D87G,T4,0.0698,0.1726,0.2028,1,1
Cip,D87G,T4,0.1009,0.1458,0.249,1,1
Cip,D87G,T4,0.1269,0.0905,0.344,1,1
Cip,D87G,T4,0.0858,0.1547,0.3091,1,1
Cip,D87G,T4,0.0538,0.1626,0.2914,1,1
sensitive,WT,T4,0.097,0.01,0.0115,0,0
sensitive,WT,T4,0.0514,0.0049,0.006,0,0
sensitive,WT,T4,0.0538,0.0043,0.0139,0,0
sensitive,WT,T4,0.0458,0.0064,0.0096,0,0
sensitive,WT,T4,0.0444,0.0067,0.0082,0,0
sensitive,WT,T4,0.0427,0.0067,0.0119,0,0
sensitive,WT,T4,0.1,0.021,0.1038,1,0
sensitive,WT,T4,0.0432,0.0022,0.0151,1,1
sensitive,WT,T4,0.0607,0.1603,0.2006,1,1
sensitive,WT,T4,0.0484,0.1224,0.1377,1,1
sensitive,WT,T4,0.0552,0.1387,0.1631,1,1
sensitive,WT,T4,0.0642,0.0949,0.2567,1,1
sensitive,WT,T4,0.0955,0.2317,0.3067,1,1
sensitive,WT,T4,0.062,0.141,0.294,1,1
sensitive,WT,T4,0.043,0.1285,0.3139,1,1
sensitive,WT,T4,0.0881,0.1315,0.1102,1,1
sensitive,WT,T4,0.098,0.0296,0.1578,1,1
sensitive,WT,T4,0.0564,0.0984,0.21,1,1
sensitive,WT,T4,0.1053,0.2533,0.2684,1,1
sensitive,WT,T4,0.0504,0.1109,0.2208,1,1
sensitive,WT,T4,0.0776,0.1475,0.2742,1,1
sensitive,WT,T4,0.0853,0.2193,0.3431,1,1
sensitive,WT,T4,0.1045,0.2327,0.4667,1,1
Str,K43N,T4,0.0968,0.0086,0.0097,0,0
Str,K43N,T4,0.085,0.009,0.01,0,0
Str,K43N,T4,0.0637,0.0063,0.0064,0,0
Str,K43N,T4,0.0656,0.006,0.0086,0,0
Str,K43N,T4,0.0535,0.0064,0.006,0,0
Str,K43N,T4,0.0551,0.0082,0.0078,0,0
Str,K43N,T4,0.0526,0.0081,0.0078,0,0
Str,K43N,T4,0.0522,0.0063,0.0077,0,0
Str,K43N,T4,0.0509,0.0067,0.0066,0,0
Str,K43N,T4,0.0473,0.0076,0.0078,0,0
Str,K43N,T4,0.0479,0.0121,0.0139,0,0
Str,K43N,T4,0.0348,0.005,0.0096,0,0
Str,K43N,T4,0.0498,0.016,0.0255,0,0
Str,K43N,T4,0.0277,0.0026,0.0089,0,0
Str,K43N,T4,0.027,0.0037,0.0089,0,0
Str,K43N,T4,0.0292,0.0028,0.0158,0,0
Str,K43N,T4,0.0773,0.011,0.1262,1,1
Str,K43N,T4,0.0485,0.0077,0.1286,1,1
Str,K43N,T4,0.0852,0.0073,0.1491,1,1
Str,K43N,T4,0.082,0.0116,0.1661,1,1
Str,K43N,T4,0.0556,0.0435,0.1502,1,1
Str,K43N,T4,0.0516,0.0117,0.1486,1,1
Str,K43N,T4,0.0484,0.0088,0.1601,1,1
Str,K43N,T4,0.0509,0.1567,0.4369,1,1
Str,K88R,T4,0.0769,0.0128,0.0104,0,0
Str,K88R,T4,0.0501,0.0079,0.0062,0,0
Str,K88R,T4,0.1348,0.0358,0.1194,0,0
Str,K88R,T4,0.0711,0.066,0.3451,1,0
Str,K88R,T4,0.0714,0.0089,0.1478,1,1
Str,K88R,T4,0.0517,0.1616,0.2655,1,1
Str,K88R,T4,0.0701,0.0902,0.1593,1,1
Str,K88R,T4,0.0977,0.0601,0.1984,1,1
Str,K88R,T4,0.0577,0.1483,0.2331,1,1
Str,K88R,T4,0.0506,0.0821,0.2415,1,1
Str,K88R,T4,0.0511,0.0605,0.2801,1,1
Str,K88R,T4,0.0724,0.0725,0.3301,1,1
Str,K88R,T4,0.0571,0.1364,0.3362,1,1
Str,K88R,T4,0.0656,0.1802,0.3749,1,1
Str,K88R,T4,0.0595,0.0818,0.4193,1,1
Str,K88R,T4,0.0379,0.1296,0.4405,1,1
Str,K88R,T4,0.053,0.1372,0.5464,1,1
Str,K88R,T4,0.1052,0.0121,0.1046,1,1
Str,K88R,T4,0.0712,0.0117,0.1404,1,1
Str,K88R,T4,0.0587,0.0102,0.1711,1,1
Str,K88R,T4,0.0951,0.1339,0.2142,1,1
Str,K88R,T4,0.0968,0.0861,0.2218,1,1
Str,K88R,T4,0.0925,0.153,0.3147,1,1
Str,K88R,T4,0.1298,0.17,0.4059,1,1
Tet,RP4,T4,0.0581,0.0166,0.055,1,0
Tet,RP4,T4,0.0953,0.1294,0.2363,1,1
Tet,RP4,T4,0.0352,0.0273,0.2064,1,1
Tet,RP4,T4,0.1541,0.1711,0.098,1,1
Tet,RP4,T4,0.097,0.1491,0.123,1,1
Tet,RP4,T4,0.0451,0.0032,0.1077,1,1
Tet,RP4,T4,0.1382,0.1328,0.2858,1,1
Tet,RP4,T4,0.0609,0.0818,0.2414,1,1
Tet,RP4,T4,0.0651,0.1763,0.0846,1,1
Tet,RP4,T4,0.0483,0.0362,0.0748,1,1
Tet,RP4,T4,0.0945,0.0161,0.1438,1,1
Tet,RP4,T4,0.1327,0.1414,0.223,1,1
Tet,RP4,T4,0.1188,0.0554,0.2163,1,1
Tet,RP4,T4,0.1162,0.1136,0.2278,1,1
Tet,RP4,T4,0.0682,0.1436,0.1822,1,1
Tet,RP4,T4,0.0446,0.0972,0.1809,1,1
Tet,RP4,T4,0.1142,0.1589,0.2723,1,1
Tet,RP4,T4,0.0389,0.0849,0.2032,1,1
Tet,RP4,T4,0.0956,0.1703,0.2666,1,1
Tet,RP4,T4,0.0982,0.1376,0.2723,1,1
Tet,RP4,T4,0.0433,0.152,0.2234,1,1
Tet,RP4,T4,0.1069,0.1354,0.2957,1,1
Tet,RP4,T4,0.0492,0.1754,0.4434,1,1
Str,RSF1010,T4,0.176,0.2371,0.2034,1,1
Str,RSF1010,T4,0.1097,0.1558,0.094,1,1
Str,RSF1010,T4,0.1433,0.2106,0.29,1,1
Str,RSF1010,T4,0.1236,0.2,0.3239,1,1
Str,RSF1010,T4,0.0521,0.2424,0.2718,1,1
Str,RSF1010,T4,0.0603,0.2175,0.3599,1,1
Str,RSF1010,T4,0.0393,0.1217,0.4373,1,1
Str,RSF1010,T4,0.0562,0.1508,0.4897,1,1
Str,RSF1010,T4,0.047,0.2228,0.5272,1,1
Str,RSF1010,T4,0.0615,0.1661,0.405,1,0
Str,RSF1010,T4,0.0541,0.2425,0.2679,1,1
Str,RSF1010,T4,0.1897,0.1061,0.2599,1,1
Str,RSF1010,T4,0.0969,0.2381,0.168,1,1
Str,RSF1010,T4,0.1197,0.1941,0.1974,1,1
Str,RSF1010,T4,0.0414,0.1351,0.1882,1,1
Str,RSF1010,T4,0.0298,0.1316,0.1836,1,1
Str,RSF1010,T4,0.0833,0.1208,0.2565,1,1
Str,RSF1010,T4,0.0532,0.1678,0.2596,1,1
Str,RSF1010,T4,0.0536,0.2358,0.2651,1,1
Str,RSF1010,T4,0.1098,0.2107,0.346,1,1
Str,RSF1010,T4,0.0679,0.1695,0.3148,1,1
Str,RSF1010,T4,0.051,0.1891,0.33,1,1
Str,RSF1010,T4,0.0374,0.1129,0.3371,1,1
Str,RSF1010,T4,0.0592,0.2226,0.4071,1,1
Rif,S512F,T4,0.0371,0.0104,0.0262,0,0
Rif,S512F,T4,0.0269,0.0055,0.0142,1,1
Rif,S512F,T4,0.075,0.1341,0.1888,1,1
Rif,S512F,T4,0.0685,0.0848,0.2394,1,1
Rif,S512F,T4,0.032,0.0936,0.3018,1,1
Rif,S512F,T4,0.0451,0.0929,0.4002,1,1
Rif,S512F,T4,0.0285,0.0749,0.4263,1,1
Rif,S512F,T4,0.0401,0.0078,0.2356,1,1
Rif,S512F,T4,0.0625,0.1071,0.2673,1,1
Rif,S512F,T4,0.0836,0.1235,0.3251,1,1
Rif,S512F,T4,0.0548,0.0519,0.0678,1,1
Rif,S512F,T4,0.0381,0.0105,0.106,1,1
Rif,S512F,T4,0.0526,0.0606,0.1374,1,1
Rif,S512F,T4,0.0284,0.082,0.1445,1,1
Rif,S512F,T4,0.0303,0.007,0.1627,1,1
Rif,S512F,T4,0.0299,0.0853,0.192,1,1
Rif,S512F,T4,0.0376,0.0565,0.2018,1,1
Rif,S512F,T4,0.0341,0.011,0.2078,1,1
Rif,S512F,T4,0.0749,0.1041,0.2497,1,1
Rif,S512F,T4,0.0436,0.1064,0.2193,1,1
Rif,S512F,T4,0.025,0.071,0.2116,1,1
Rif,S512F,T4,0.0346,0.0956,0.2222,1,1
Rif,S512F,T4,0.048,0.0432,0.2374,1,1
Rif,S512F,T4,0.0399,0.0779,0.343,1,1
Cip,S83L,T4,0.0737,0.0067,0.0075,0,0
Cip,S83L,T4,0.0555,0.0059,0.0102,0,0
Cip,S83L,T4,0.0505,0.005,0.0142,0,0
Cip,S83L,T4,0.0779,0.1755,0.5067,1,1
Cip,S83L,T4,0.0909,0.1699,0.1429,1,1
Cip,S83L,T4,0.0572,0.159,0.1719,1,1
Cip,S83L,T4,0.05,0.1595,0.1654,1,1
Cip,S83L,T4,0.0948,0.2201,0.2296,1,1
Cip,S83L,T4,0.0965,0.1144,0.2811,1,1
Cip,S83L,T4,0.0963,0.2369,0.3038,1,1
Cip,S83L,T4,0.0543,0.2,0.3543,1,1
Cip,S83L,T4,0.0554,0.1583,0.36,1,1
Cip,S83L,T4,0.0431,0.2264,0.3651,1,1
Cip,S83L,T4,0.0662,0.1838,0.4248,1,1
Cip,S83L,T4,0.1068,0.0114,0.1053,1,1
Cip,S83L,T4,0.0893,0.1267,0.1294,1,1
Cip,S83L,T4,0.0912,0.0088,0.1412,1,1
Cip,S83L,T4,0.0911,0.1823,0.1444,1,1
Cip,S83L,T4,0.0917,0.1595,0.1562,1,1
Cip,S83L,T4,0.0882,0.1387,0.1915,1,1
Cip,S83L,T4,0.0517,0.1604,0.1965,1,1
Cip,S83L,T4,0.0529,0.1736,0.2109,1,1
Cip,S83L,T4,0.094,0.1866,0.2592,1,1
Cip,S83L,T4,0.0514,0.2318,0.3009,1,1
sensitive,MUT,T4,0.046,0.1768,0.3141,1,1
sensitive,MUT,T4,0.0374,0.1949,0.3724,1,1
sensitive,MUT,T4,0.0551,0.1309,0.426,1,1
sensitive,MUT,T4,0.0333,0.236,0.5586,1,1
sensitive,MUT,T4,0.0448,0.1784,0.3875,1,0
sensitive,MUT,T4,0.0724,0.1488,0.1305,1,1
sensitive,MUT,T4,0.106,0.2254,0.2075,1,1
sensitive,MUT,T4,0.0964,0.1673,0.2203,1,1
sensitive,MUT,T4,0.0795,0.1728,0.2215,1,1
sensitive,MUT,T4,0.07,0.1564,0.213,1,1
sensitive,MUT,T4,0.0892,0.1534,0.2382,1,1
sensitive,MUT,T4,0.0568,0.1566,0.2731,1,1
sensitive,MUT,T4,0.0715,0.1554,0.2882,1,1
sensitive,MUT,T4,0.048,0.2435,0.2864,1,1
sensitive,MUT,T4,0.0576,0.162,0.311,1,1
sensitive,MUT,T4,0.0944,0.1623,0.3646,1,1
sensitive,MUT,T4,0.0786,0.1608,0.3694,1,1
sensitive,MUT,T4,0.0978,0.1863,0.4117,1,1
sensitive,MUT,T4,0.1002,0.1787,0.4331,1,1
sensitive,MUT,T4,0.0929,0.1743,0.4377,1,1
sensitive,MUT,T4,0.084,0.1693,0.4331,1,1
sensitive,MUT,T4,0.0562,0.2124,0.4166,1,1
sensitive,MUT,T4,0.0705,0.1587,0.4404,1,1
sensitive,MUT,T4,0.035,0.2457,0.509,1,1
Rif,D516G,T7,0.1603,0.007,0.0044,0,0
Rif,D516G,T7,0.1297,0.0069,0.0041,0,0
Rif,D516G,T7,0.1334,0.0055,0.0086,0,0
Rif,D516G,T7,0.1293,0.0061,0.0051,0,0
Rif,D516G,T7,0.1263,0.0105,0.0118,0,0
Rif,D516G,T7,0.1142,0.007,0.0048,0,0
Rif,D516G,T7,0.1054,0.0064,0.0042,0,0
Rif,D516G,T7,0.1038,0.0063,0.0047,0,0
Rif,D516G,T7,0.1009,0.0053,0.0059,0,0
Rif,D516G,T7,0.0836,0.0058,0.0056,0,0
Rif,D516G,T7,0.0733,0.0052,0.0054,0,0
Rif,D516G,T7,0.0712,0.0047,0.0049,0,0
Rif,D516G,T7,0.0665,0.0035,0.0036,0,0
Rif,D516G,T7,0.0615,0.0036,0.0036,0,0
Rif,D516G,T7,0.0571,0.0041,0.0039,0,0
Rif,D516G,T7,0.0503,0.0031,0.0037,0,0
Rif,D516G,T7,0.0464,0.0039,0.0043,0,0
Rif,D516G,T7,0.0424,0.0055,0.0024,0,0
Rif,D516G,T7,0.041,0.0057,0.003,0,0
Rif,D516G,T7,0.0388,0.0067,0.0038,0,0
Rif,D516G,T7,0.0365,0.0039,0.0039,0,0
Rif,D516G,T7,0.0682,0.0088,0.1165,1,0
Rif,D516G,T7,0.0964,0.0172,0.1399,1,1
Rif,D516G,T7,0.0688,0.0056,0.0645,1,1
Cip,D87G,T7,0.1765,0.0101,0.0092,0,0
Cip,D87G,T7,0.1563,0.0088,0.0133,0,0
Cip,D87G,T7,0.1352,0.0089,0.0075,0,0
Cip,D87G,T7,0.1348,0.0103,0.0113,0,0
Cip,D87G,T7,0.0871,0.0083,0.0049,0,0
Cip,D87G,T7,0.088,0.0091,0.0066,0,0
Cip,D87G,T7,0.0881,0.0085,0.0079,0,0
Cip,D87G,T7,0.0655,0.0054,0.0062,0,0
Cip,D87G,T7,0.06,0.0059,0.0054,0,0
Cip,D87G,T7,0.0588,0.0055,0.0049,0,0
Cip,D87G,T7,0.0555,0.0035,0.003,0,0
Cip,D87G,T7,0.0534,0.005,0.0041,0,0
Cip,D87G,T7,0.0458,0.0043,0.0043,0,0
Cip,D87G,T7,0.0438,0.0061,0.0046,0,0
Cip,D87G,T7,0.0422,0.0034,0.0037,0,0
Cip,D87G,T7,0.0353,0.0018,0.0024,0,0
Cip,D87G,T7,0.0307,0.0019,0.0021,0,0
Cip,D87G,T7,0.055,0.0059,0.1176,0,0
Cip,D87G,T7,0.0431,0.0063,0.1398,0,0
Cip,D87G,T7,0.1108,0.0159,0.138,1,0
Cip,D87G,T7,0.1209,0.0116,0.0688,1,1
Cip,D87G,T7,0.1328,0.0122,0.1719,1,1
Cip,D87G,T7,0.0853,0.0101,0.14,1,1
Cip,D87G,T7,0.0652,0.0092,0.1374,1,1
sensitive,WT,T7,0.1861,0.0227,0.0229,0,0
sensitive,WT,T7,0.17,0.0252,0.0268,0,0
sensitive,WT,T7,0.1402,0.0164,0.005,0,0
sensitive,WT,T7,0.1189,0.016,0.0165,0,0
sensitive,WT,T7,0.0976,0.0125,0.0141,0,0
sensitive,WT,T7,0.0867,0.0115,0.0113,0,0
sensitive,WT,T7,0.0824,0.0104,0.0093,0,0
sensitive,WT,T7,0.0818,0.0099,0.0096,0,0
sensitive,WT,T7,0.0773,0.0099,0.0097,0,0
sensitive,WT,T7,0.0749,0.0101,0.0091,0,0
sensitive,WT,T7,0.0525,0.0051,0.0043,0,0
sensitive,WT,T7,0.0515,0.0067,0.0057,0,0
sensitive,WT,T7,0.0511,0.0053,0.0055,0,0
sensitive,WT,T7,0.0496,0.0055,0.0058,0,0
sensitive,WT,T7,0.0478,0.0054,0.004,0,0
sensitive,WT,T7,0.0435,0.0039,0.0029,0,0
sensitive,WT,T7,0.0444,0.0053,0.0046,0,0
sensitive,WT,T7,0.0429,0.0043,0.0035,0,0
sensitive,WT,T7,0.0375,0.0055,0.0054,0,0
sensitive,WT,T7,0.113,0.014,0.0718,1,1
sensitive,WT,T7,0.0568,0.0048,0.0767,1,1
sensitive,WT,T7,0.0508,0.0057,0.0874,1,1
sensitive,WT,T7,0.0555,0.0057,0.1514,1,1
Str,K43N,T7,0.1442,0.0076,0.0041,0,0
Str,K43N,T7,0.1208,0.0086,0.0071,0,0
Str,K43N,T7,0.111,0.0069,0.0049,0,0
Str,K43N,T7,0.0965,0.0046,0.0042,0,0
Str,K43N,T7,0.1029,0.0057,0.0117,0,0
Str,K43N,T7,0.0964,0.0072,0.006,0,0
Str,K43N,T7,0.0943,0.0072,0.0041,0,0
Str,K43N,T7,0.0934,0.0038,0.0038,0,0
Str,K43N,T7,0.0895,0.0038,0.0042,0,0
Str,K43N,T7,0.0808,0.0032,0.0041,0,0
Str,K43N,T7,0.0784,0.0066,0.0054,0,0
Str,K43N,T7,0.0739,0.0044,0.0047,0,0
Str,K43N,T7,0.0696,0.0044,0.0038,0,0
Str,K43N,T7,0.0763,0.0079,0.0106,0,0
Str,K43N,T7,0.07,0.0047,0.005,0,0
Str,K43N,T7,0.0618,0.005,0.0046,0,0
Str,K43N,T7,0.0534,0.0046,0.004,0,0
Str,K43N,T7,0.0518,0.0047,0.0037,0,0
Str,K43N,T7,0.0498,0.006,0.0048,0,0
Str,K43N,T7,0.0434,0.0047,0.0046,0,0
Str,K43N,T7,0.0427,0.0047,0.0056,0,0
Str,K43N,T7,0.0335,0.0025,0.004,0,0
Str,K43N,T7,0.1039,0.0056,0.0471,1,1
Str,K43N,T7,0.0406,0.0053,0.0895,1,1
Str,K88R,T7,0.1627,0.0087,0.0068,0,0
Str,K88R,T7,0.158,0.0091,0.0062,0,0
Str,K88R,T7,0.1366,0.008,0.0069,0,0
Str,K88R,T7,0.118,0.0075,0.0074,0,0
Str,K88R,T7,0.1027,0.0072,0.0066,0,0
Str,K88R,T7,0.1024,0.0073,0.0098,0,0
Str,K88R,T7,0.0941,0.0103,0.0079,0,0
Str,K88R,T7,0.0796,0.0064,0.0037,0,0
Str,K88R,T7,0.0747,0.0068,0.0059,0,0
Str,K88R,T7,0.0702,0.0047,0.0044,0,0
Str,K88R,T7,0.0664,0.0072,0.0043,0,0
Str,K88R,T7,0.0596,0.0055,0.0045,0,0
Str,K88R,T7,0.0542,0.004,0.0036,0,0
Str,K88R,T7,0.0544,0.0069,0.0041,0,0
Str,K88R,T7,0.0548,0.0058,0.0048,0,0
Str,K88R,T7,0.0539,0.0035,0.0043,0,0
Str,K88R,T7,0.0505,0.005,0.0049,0,0
Str,K88R,T7,0.0422,0.0053,0.0046,0,0
Str,K88R,T7,0.0384,0.0057,0.0043,0,0
Str,K88R,T7,0.0321,0.0038,0.0034,0,0
Str,K88R,T7,0.0635,0.0032,0.0038,1,1
Str,K88R,T7,0.0571,0.0077,0.0695,1,1
Str,K88R,T7,0.0588,0.0418,0.1062,1,1
Str,K88R,T7,0.0623,0.0044,0.1465,1,1
Tet,RP4,T7,0.1729,0.0213,0.0221,0,0
Tet,RP4,T7,0.1469,0.019,0.0196,0,0
Tet,RP4,T7,0.1303,0.0114,0.0078,0,0
Tet,RP4,T7,0.1238,0.0127,0.0066,0,0
Tet,RP4,T7,0.1257,0.0133,0.0094,0,0
Tet,RP4,T7,0.1245,0.0163,0.0165,0,0
Tet,RP4,T7,0.1233,0.0174,0.0179,0,0
Tet,RP4,T7,0.1211,0.0163,0.0161,0,0
Tet,RP4,T7,0.1037,0.0063,0.004,0,0
Tet,RP4,T7,0.1162,0.0154,0.0175,0,0
Tet,RP4,T7,0.0884,0.0093,0.0062,0,0
Tet,RP4,T7,0.084,0.0054,0.0044,0,0
Tet,RP4,T7,0.0789,0.0065,0.0042,0,0
Tet,RP4,T7,0.0639,0.0072,0.0068,0,0
Tet,RP4,T7,0.0495,0.0049,0.0041,0,0
Tet,RP4,T7,0.1123,0.0124,0.0045,1,0
Tet,RP4,T7,0.0537,0.0077,0.0138,1,0
Tet,RP4,T7,0.1235,0.0145,0.1123,1,0
Tet,RP4,T7,0.1218,0.0163,0.0632,1,1
Tet,RP4,T7,0.1197,0.0121,0.0623,1,1
Tet,RP4,T7,0.1245,0.0192,0.1258,1,1
Tet,RP4,T7,0.0424,0.0047,0.0441,1,1
Tet,RP4,T7,0.0872,0.0082,0.1407,1,1
Str,RSF1010,T7,0.1377,0.0187,0.0184,0,0
Str,RSF1010,T7,0.1175,0.016,0.0148,0,0
Str,RSF1010,T7,0.1003,0.0074,0.0045,0,0
Str,RSF1010,T7,0.1008,0.0067,0.0055,0,0
Str,RSF1010,T7,0.1024,0.0123,0.0108,0,0
Str,RSF1010,T7,0.0962,0.009,0.0069,0,0
Str,RSF1010,T7,0.0895,0.007,0.0055,0,0
Str,RSF1010,T7,0.0879,0.0088,0.006,0,0
Str,RSF1010,T7,0.0784,0.0108,0.0075,0,0
Str,RSF1010,T7,0.0805,0.01,0.0101,0,0
Str,RSF1010,T7,0.0717,0.0055,0.0044,0,0
Str,RSF1010,T7,0.071,0.0101,0.0055,0,0
Str,RSF1010,T7,0.0708,0.0159,0.0102,0,0
Str,RSF1010,T7,0.0587,0.0096,0.006,0,0
Str,RSF1010,T7,0.0507,0.0071,0.0052,0,0
Str,RSF1010,T7,0.0879,0.0101,0.0992,0,0
Str,RSF1010,T7,0.0953,0.014,0.0123,1,0
Str,RSF1010,T7,0.1257,0.021,0.1913,1,0
Str,RSF1010,T7,0.0387,0.006,0.1574,1,0
Str,RSF1010,T7,0.1122,0.0163,0.0821,1,1
Str,RSF1010,T7,0.0594,0.008,0.0694,1,1
Str,RSF1010,T7,0.0425,0.0053,0.0586,1,1
Str,RSF1010,T7,0.0984,0.0096,0.144,1,1
Str,RSF1010,T7,0.0787,0.006,0.1409,1,1
Rif,S512F,T7,0.0718,0.006,0.0036,0,0
Rif,S512F,T7,0.0663,0.0052,0.0031,0,0
Rif,S512F,T7,0.0613,0.0032,0.0024,0,0
Rif,S512F,T7,0.0569,0.0043,0.0042,0,0
Rif,S512F,T7,0.0389,0.0018,0.0034,0,0
Rif,S512F,T7,0.0361,0.0036,0.0032,0,0
Rif,S512F,T7,0.0347,0.0021,0.0026,0,0
Rif,S512F,T7,0.034,0.0041,0.0029,0,0
Rif,S512F,T7,0.0349,0.0033,0.0047,0,0
Rif,S512F,T7,0.0373,0.0027,0.0114,0,0
Rif,S512F,T7,0.0257,0.0023,0.002,0,0
Rif,S512F,T7,0.0467,0.0032,0.0041,1,0
Rif,S512F,T7,0.0765,0.0079,0.091,1,1
Rif,S512F,T7,0.0249,0.0072,0.0819,1,1
Rif,S512F,T7,0.064,0.0067,0.1221,1,1
Rif,S512F,T7,0.0466,0.0097,0.1076,1,1
Rif,S512F,T7,0.0371,0.0104,0.1049,1,1
Rif,S512F,T7,0.0505,0.0071,0.1233,1,1
Rif,S512F,T7,0.0562,0.0059,0.1346,1,1
Rif,S512F,T7,0.0456,0.0067,0.1283,1,1
Rif,S512F,T7,0.0335,0.0063,0.1176,1,1
Rif,S512F,T7,0.0495,0.0054,0.1417,1,1
Rif,S512F,T7,0.0249,0.0047,0.119,1,1
Rif,S512F,T7,0.0243,0.0075,0.1826,1,1
Cip,S83L,T7,0.1896,0.008,0.0068,0,0
Cip,S83L,T7,0.1748,0.0075,0.0061,0,0
Cip,S83L,T7,0.158,0.0078,0.0093,0,0
Cip,S83L,T7,0.1461,0.0079,0.0057,0,0
Cip,S83L,T7,0.1252,0.0066,0.0054,0,0
Cip,S83L,T7,0.1166,0.0067,0.0062,0,0
Cip,S83L,T7,0.1123,0.0075,0.0049,0,0
Cip,S83L,T7,0.0939,0.0065,0.0031,0,0
Cip,S83L,T7,0.0867,0.0065,0.0049,0,0
Cip,S83L,T7,0.0835,0.0041,0.0041,0,0
Cip,S83L,T7,0.0736,0.0064,0.0065,0,0
Cip,S83L,T7,0.0704,0.0057,0.0047,0,0
Cip,S83L,T7,0.0712,0.0076,0.0056,0,0
Cip,S83L,T7,0.0681,0.0045,0.0055,0,0
Cip,S83L,T7,0.0658,0.0048,0.0039,0,0
Cip,S83L,T7,0.0632,0.0052,0.0049,0,0
Cip,S83L,T7,0.057,0.0049,0.0042,0,0
Cip,S83L,T7,0.0529,0.0035,0.0027,0,0
Cip,S83L,T7,0.0451,0.0047,0.0035,0,0
Cip,S83L,T7,0.1367,0.0098,0.1552,0,0
Cip,S83L,T7,0.094,0.0118,0.1274,0,0
Cip,S83L,T7,0.1218,0.0111,0.1293,1,1
Cip,S83L,T7,0.1076,0.0078,0.1388,1,1
Cip,S83L,T7,0.074,0.0301,0.1321,1,1
sensitive,MUT,T7,0.0981,0.0124,0.194,1,1
sensitive,MUT,T7,0.071,0.0333,0.1696,1,1
sensitive,MUT,T7,0.068,0.0311,0.189,1,1
sensitive,MUT,T7,0.0719,0.0324,0.2046,1,1
sensitive,MUT,T7,0.0845,0.0194,0.2204,1,1
sensitive,MUT,T7,0.0705,0.0353,0.2153,1,1
sensitive,MUT,T7,0.0634,0.0622,0.2104,1,1
sensitive,MUT,T7,0.0809,0.0399,0.2376,1,1
sensitive,MUT,T7,0.0695,0.0266,0.2479,1,1
sensitive,MUT,T7,0.068,0.0506,0.2521,1,1
sensitive,MUT,T7,0.0681,0.0314,0.2621,1,1
sensitive,MUT,T7,0.0654,0.0253,0.2674,1,1
sensitive,MUT,T7,0.0691,0.0236,0.2724,1,1
sensitive,MUT,T7,0.0935,0.0411,0.2993,1,1
sensitive,MUT,T7,0.0732,0.0128,0.2806,1,1
sensitive,MUT,T7,0.0665,0.0216,0.2766,1,1
sensitive,MUT,T7,0.0847,0.029,0.3377,1,1
sensitive,MUT,T7,0.0594,0.0294,0.3145,1,1
sensitive,MUT,T7,0.0943,0.0399,0.3535,1,1
sensitive,MUT,T7,0.0417,0.0402,0.3179,1,1
sensitive,MUT,T7,0.0789,0.0276,0.3601,1,1
sensitive,MUT,T7,0.0875,0.0216,0.3709,1,1
sensitive,MUT,T7,0.0755,0.0418,0.3628,1,1
sensitive,MUT,T7,0.0401,0.0345,0.3321,1,1
