gbifID	species	speciesKey	genus	genusKey	eventDate	decimalLatitude	decimalLongitude	coordinateUncertaintyInMeters
4863959325	Lacanobia oleracea	1759083	Lacanobia	1759029	2024-05-14T08:55:43Z	51.229813	2.941936	174
4863957043	Epirrhoe alternata	8361848	Epirrhoe	1964577	2024-05-11T12:31:49Z	49.639986	5.486612	81
4863955085	Vanessa atalanta	1898286	Vanessa	1898261	2024-05-10T17:19:00Z	50.481361	3.648745	61
4863954761	Xanthorhoe fluctuata	1986157	Xanthorhoe	1986081	2024-05-13T07:28:00Z	50.438721	6.108858	2
4863953098	Callophrys rubi	1932411	Callophrys	1932378	2024-05-11T12:34:36Z	49.639784	5.486431	205
4863950282	Pseudoips prasinana	1802280	Pseudoips	1802269	2024-05-14T07:07:00Z	50.551545	5.098321	1
4863949816	Lobophora halterata	5144426	Lobophora	1964936	2024-05-13T07:00:00Z	50.438728	6.108838	2
4863949775	Agrotis exclamationis	1771214	Agrotis	8407958	2024-05-13T07:34:04Z	50.813193	4.398086	186
4863946014	Cydalima perspectalis	4532122	Cydalima	1884886	2024-05-13T14:14:54Z	50.08945	4.564355	3
4863943031	Anthocharis cardamines	1919712	Anthocharis	1919696	2024-05-11T15:08:00Z	49.66435	5.771588	234
4863927035	Eupithecia vulgata	1982542	Eupithecia	1982367	2024-05-13T06:42:00Z	50.438722	6.108849	2
4863919049	Lacanobia oleracea	1759083	Lacanobia	1759029	2024-05-14T08:59:08Z	51.229807	2.941925	202
4863918752	Papilio machaon	8225376	Papilio	10175914	2024-05-12T15:54:00Z	50.493856	6.170847	8
4863900158	Aglais io	4535827	Aglais	1894779	2024-05-10T11:21:32Z	49.920522	5.236262	5
4863898160	Peribatodes rhomboidaria	1957572	Peribatodes	1957545	2024-05-12T07:07:00Z	50.551553	5.098321	1
4863884356	Phlogophora meticulosa	1782560	Phlogophora	1782524	2024-05-12T15:43:00Z	51.072855	3.719849	37
4863881659	Chiasmia clathrata	4525078	Chiasmia	4525072	2024-05-13T12:15:45Z	50.520585	3.602229	8
4863881639	Chiasmia clathrata	4525078	Chiasmia	4525072	2024-05-13T11:04:42Z	50.5212	3.603106	72
4863878783	Pterostoma palpina	1825064	Pterostoma	1825057	2024-05-14T08:50:34Z	51.22979	2.941921	187
4863876628	Spilosoma lubricipeda	8237987	Spilosoma	9146182	2024-05-08T07:41:00Z	50.551566	5.098303	1
4863874397	Coenonympha pamphilus	1911461	Coenonympha	1911078	2024-05-10T16:31:49Z	49.573633	5.821629	31
4863866798	Yponomeuta cagnagellus	4525369	Yponomeuta	1830379	2024-05-10T16:54:18Z	50.959253	4.727075	4
4863866724	Cossus cossus	5101394	Cossus	1730815	2024-05-11T11:10:37Z	50.795528	3.340328	16
4863866251	Vanessa atalanta	1898286	Vanessa	1898261	2024-05-14T07:37:00Z	51.176463	4.634245	8
4863866160	Odontopera bidentata	1990066	Odontopera	1989996	2024-05-14T07:25:00Z	50.438738	6.108851	2
4863864874	Pieris napi	1920494	Pieris	1920481	2024-05-09T15:50:00Z	50.397146	5.887281	15
4863864210	Autographa gamma	1792418	Autographa	1792405	2024-05-10T14:24:46Z	49.636794	5.686384	73
4863862731	Epirrhoe alternata	8361848	Epirrhoe	1964577	2024-05-09T16:22:04Z	49.684843	5.562235	222
4863850704	Mythimna vitellina	5772206	Mythimna	1767644	2024-05-14T08:58:31Z	51.229799	2.941903	52
4863850698	Cepphis advenaria	1967245	Cepphis	1967242	2024-05-14T07:07:00Z	50.551539	5.098319	1
4863847309	Eupithecia centaureata	1983525	Eupithecia	1982367	2024-05-14T08:49:42Z	51.229859	2.941911	42
4863843868	Arctia caja	5115874	Arctia	5115807	2024-05-09T10:31:00Z	50.457959	3.696601	15
4863842781	Hofmannophila pseudospretella	1836899	Hofmannophila	1836898	2024-05-14T11:27:45Z	51.229719	2.941941	21
4863841768	Pseudopanthera macularia	1954563	Pseudopanthera	1954555	2024-05-11T12:55:29Z	49.638759	5.486666	213
4863836657	Calliteara pudibunda	1819145	Calliteara	1819125	2024-05-08T15:28:00Z	49.780915	5.237647	12764
4863832967	Autographa gamma	1792418	Autographa	1792405	2024-05-14T10:48:20Z	50.436648	3.967418	86
4863832425	Pararge aegeria	8049830	Pararge	1894469	2024-05-13T13:48:07Z	50.520841	3.601832	5
4863830344	Lomaspilis marginata	5149438	Lomaspilis	1988779	2024-05-08T11:02:00Z	51.181031	4.656118	8
4863824228	Xanthorhoe fluctuata	1986157	Xanthorhoe	1986081	2024-05-08T08:11:13Z	50.812915	4.398179	8
4863822096	Anthocharis cardamines	1919712	Anthocharis	1919696	2024-05-10T11:40:54Z	49.923703	5.232611	206
4863813032	Selenia lunularia	1962268	Selenia	1962165	2024-05-14T07:08:00Z	50.551542	5.098323	1
4863812712	Pieris napi	1920494	Pieris	1920481	2024-05-12T14:35:00Z	50.48807	6.15889	35
4863812308	Araschnia levana	1902533	Araschnia	1902519	2024-05-12T11:38:00Z	49.663985	5.771252	151
4863809230	Euchoeca nebulata	1988881	Euchoeca	1988876	2024-05-13T06:55:00Z	50.438723	6.108855	2
4863808825	Aglais urticae	1894840	Aglais	1894779	2024-05-12T14:11:58Z	50.48597	6.148108	4
4863807449	Endrosis sarcitrella	1837172	Endrosis	1837168	2024-05-14T07:08:00Z	50.55154	5.09833	1
4863805027	Cydalima perspectalis	4532122	Cydalima	1884886	2024-05-08T12:01:44Z	50.092122	4.569367	4
4863803196	Orthosia miniosa	1799132	Orthosia	1798902	2024-05-10T15:42:00Z	50.500833	5.050222	1
4863794615	Hofmannophila pseudospretella	1836899	Hofmannophila	1836898	2024-05-14T08:44:10Z	51.229749	2.94197	215
4863785656	Pararge aegeria	8049830	Pararge	1894469	2024-05-10T11:47:00Z	50.738318	5.419008	116
4863784234	Lycaena phlaeas	1929697	Lycaena	1929153	2024-05-09T12:48:00Z	49.66402	5.771293	76
4863783352	Pararge aegeria	8049830	Pararge	1894469	2024-05-05T13:07:00Z	50.784478	4.347033	148
4863781857	Mimas tiliae	5123922	Mimas	1863292	2024-05-09T17:34:58Z	50.813122	4.33722	7
4863781236	Vanessa atalanta	1898286	Vanessa	1898261	2024-05-10T13:57:00Z	50.774292	3.029984	809
4863775817	Coenonympha pamphilus	1911461	Coenonympha	1911078	2024-05-14T14:37:57Z	50.434284	3.973405	10
4863770969	Aethalura punctulata	1990150	Aethalura	1990136	2024-05-13T07:13:00Z	50.438729	6.108856	2
4863766350	Vanessa atalanta	1898286	Vanessa	1898261	2024-05-12T16:03:44Z	50.494587	6.173775	4
4863763534	Peribatodes rhomboidaria	1957572	Peribatodes	1957545	2024-05-14T15:24:24Z	50.867312	4.681188	5
4863760726	Pararge aegeria	8049830	Pararge	1894469	2024-05-14T15:00:55Z	50.156156	4.182658	44
4863757263	Gonepteryx rhamni	1920712	Gonepteryx	1920704	2024-05-01T15:11:00Z	51.115542	2.660099	8
4863749461	Coenonympha pamphilus	1911461	Coenonympha	1911078	2024-05-14T09:04:00Z	51.180585	4.654575	8
4863748793	Pieris napi	1920494	Pieris	1920481	2024-05-10T10:03:32Z	49.910571	5.274331	9
4863747747	Acronicta megacephala	1782777	Acronicta	1782659	2024-05-12T07:08:00Z	50.551551	5.098339	4
4863746930	Pararge aegeria	8049830	Pararge	1894469	2024-05-09T15:36:42Z	51.125441	4.47805	30
4863742436	Laothoe populi	5124007	Laothoe	1863647	2024-05-14T07:17:00Z	50.438736	6.108844	2
4863740204	Phalera bucephala	5119245	Phalera	1827547	2024-05-08T16:08:15Z	51.203061	5.290117	15
4863726203	Euclidia glyphica	1798408	Euclidia	1798377	2024-05-13T10:28:46Z	50.52077	3.603584	3
4863723596	Helleia helle	1925962	Helleia	1925960	2024-05-12T15:59:00Z	50.493856	6.170847	121
4863723538	Epirrhoe tristata	1964653	Epirrhoe	1964577	2024-05-12T12:48:00Z	50.490442	6.13345	5
4863713470	Adela viridella	1860987	Adela	1856563	2024-05-09T15:49:02Z	50.397008	5.887253	4
4863711214	Hofmannophila pseudospretella	1836899	Hofmannophila	1836898	2024-05-06T10:53:29Z	51.043317	3.729792	177
4863707197	Pararge aegeria	8049830	Pararge	1894469	2024-05-13T14:39:44Z	50.523573	3.599609	899
4863703143	Lycaena phlaeas	1929697	Lycaena	1929153	2024-05-09T16:25:00Z	50.974973	5.652883	75
4863703000	Cydalima perspectalis	4532122	Cydalima	1884886	2024-05-13T14:14:15Z	50.08947	4.564417	9
4863702647	Pararge aegeria	8049830	Pararge	1894469	2024-05-12T13:16:00Z	50.490442	6.13345	128
4863697384	Araschnia levana	1902533	Araschnia	1902519	2024-05-14T11:41:28Z	50.436636	3.967639	14
4863696530	Pseudopanthera macularia	1954563	Pseudopanthera	1954555	2024-05-08T15:22:15Z	50.498272	3.728765	5
4863696529	Xanthorhoe ferrugata	1986171	Xanthorhoe	1986081	2024-05-08T11:54:00Z	51.176969	4.640747	15
4863696275	Ematurga atomaria	1956440	Ematurga	1956434	2024-05-12T16:39:51Z	50.500953	6.161795	5
4863696149	Diaphora mendica	6097214	Diaphora	3261008	2024-05-12T10:55:17Z	50.514506	4.902571	124
4863695891	Pararge aegeria	8049830	Pararge	1894469	2024-05-11T12:14:00Z	51.289118	3.13839	90
4863695890	Pararge aegeria	8049830	Pararge	1894469	2024-05-10T12:36:00Z	51.359807000000004	3.350573	122
4863694883	Papilio machaon	8225376	Papilio	10175914	2024-05-12T15:53:00Z	49.664303	5.772015	128
4863694296	Eupithecia nanata	8015895	Eupithecia	1982367	2024-05-11T07:36:00Z	50.551557	5.098316	1
4863694292	Opisthograptis luteolata	1960617	Opisthograptis	1960592	2024-05-11T06:49:00Z	50.438733	6.108852	2
4863689235	Aglais io	4535827	Aglais	1894779	2024-05-09T15:19:00Z	50.809524	4.321065	4
4863688677	Erannis defoliaria	1956599	Erannis	1956545	2024-05-06T14:44:00Z	50.827922	2.966926	31
4863683080	Eupithecia assimilata	1982746	Eupithecia	1982367	2024-05-14T07:07:00Z	50.551545	5.098328	1
4863682668	Pieris rapae	1920496	Pieris	1920481	2024-05-13T14:35:57Z	50.522267	3.601755	3
4863678451	Pararge aegeria	8049830	Pararge	1894469	2024-05-09T18:06:33Z	50.812923	4.398247	7
4863671807	Cossus cossus	5101394	Cossus	1730815	2024-05-09T18:09:00Z	50.459313	3.683383	15
4863671737	Helleia helle	1925962	Helleia	1925960	2024-05-12T12:53:00Z	50.490442	6.13345	210
4863670048	Gonepteryx rhamni	1920712	Gonepteryx	1920704	2024-05-14T16:58:00Z	50.459623	5.071469	26357
4863665816	Mirificarma interrupta	1852159	Mirificarma	1852133	2024-05-13T06:44:00Z	50.438736	6.108842	2
4863651973	Hypomecis punctinalis	4524638	Hypomecis	1978506	2024-05-09T22:23:00Z	49.66418	5.772297	2
4863644111	Orthosia miniosa	1799132	Orthosia	1798902	2024-05-13T13:54:51Z	50.090214	4.569317	4
4863644005	Eupithecia vulgata	1982542	Eupithecia	1982367	2024-05-13T14:59:07Z	50.793701	4.358996	10
4863643939	Cerastis rubricosa	5110885	Cerastis	1777868	2024-05-13T06:18:00Z	50.43874	6.108857	2
4863634475	Gymnoscelis rufifasciata	1992066	Gymnoscelis	1991946	2024-05-10T06:52:00Z	50.551552	5.098318	1
4863631793	Aglais io	4535827	Aglais	1894779	2024-05-01T15:10:00Z	51.119675	2.65932	15
4863620390	Petrophora chlorosata	1973467	Pterophorus	8331787	2024-05-09T15:58:22Z	50.396992	5.88717	4
4863617148	Orthosia incerta	1799135	Orthosia	1798902	2024-05-08T07:00:00Z	50.438736	6.108844	2
4863611915	Araschnia levana	1902533	Araschnia	1902519	2024-05-12T12:42:00Z	49.640618	5.348928	2
4863608173	Cydalima perspectalis	4532122	Cydalima	1884886	2024-05-01T17:55:24Z	50.335008	4.703689	3
4863599863	Cabera exanthemata	5143675	Cabera	1955900	2024-05-14T07:10:00Z	50.43874	6.108857	2
4863595013	Agonopterix arenella	1840581	Agonopterix	1840273	2024-05-14T08:38:20Z	51.230212	2.941787	3
4863593847	Pseudopanthera macularia	1954563	Pseudopanthera	1954555	2024-05-08T14:56:28Z	50.195441	4.964925	233
4863591439	Autographa gamma	1792418	Autographa	1792405	2024-05-11T06:54:00Z	50.438735	6.108846	2
4863585707	Pseudopanthera macularia	1954563	Pseudopanthera	1954555	2024-05-09T11:35:00Z	50.46266	3.691891	31
4863577593	Pararge aegeria	8049830	Pararge	1894469	2024-05-12T11:36:59Z	51.175591	3.943574	3273
4863568496	Gymnoscelis rufifasciata	1992066	Gymnoscelis	1991946	2024-05-08T07:40:00Z	50.551564	5.098306	1
4863567456	Tyria jacobaeae	5115777	Tyria	1809069	2024-05-13T14:17:17Z	50.521157	3.60173	6
4863559158	Pyralis farinalis	1872901	Pyralis	1872845	2024-05-10T13:54:06Z	50.464223	4.882028	71
4863558966	Ematurga atomaria	1956440	Ematurga	1956434	2024-05-10T14:19:26Z	49.636721	5.686839	182
4863551422	Ematurga atomaria	1956440	Ematurga	1956434	2024-05-10T09:37:00Z	49.664125	5.771525	222
4863550584	Epirrhoe alternata	8361848	Epirrhoe	1964577	2024-05-09T17:17:42Z	49.684223	5.560122	109
4863550237	Chiasmia clathrata	4525078	Chiasmia	4525072	2024-05-13T11:36:05Z	50.520585	3.603935	6
4863542526	Ochropleura plecta	1770477	Ochropleura	1770396	2024-05-13T06:22:00Z	50.438736	6.108851	2
4863541200	Ematurga atomaria	1956440	Ematurga	1956434	2024-05-13T13:44:43Z	50.092389	4.572987	4
4863539634	Egira conspicillaris	1792061	Egira	1792055	2024-05-10T08:15:30Z	49.689881	5.525821	136
4863534656	Carterocephalus palaemon	1947335	Carterocephalus	1947272	2024-05-11T17:19:31Z	51.286803	5.154322	46
4863530116	Cauchas rufimitrella	4522886	Cauchas	4404934	2024-05-11T14:52:59Z	49.511544	5.48036	178
4863524468	Peribatodes rhomboidaria	1957572	Peribatodes	1957545	2024-05-14T08:41:45Z	51.229824	2.94187	52
4863524182	Araschnia levana	1902533	Araschnia	1902519	2024-05-09T15:34:32Z	50.820893	4.631573	13
4863517423	Pararge aegeria	8049830	Pararge	1894469	2024-05-12T11:24:11Z	50.391412	5.919388	3
4863514587	Pyrgus malvae	8109173	Pyrgus	1949704	2024-05-12T11:55:00Z	49.664042	5.771378	158
4863500741	Helleia helle	1925962	Helleia	1925960	2024-05-12T12:53:23Z	50.490442	6.13345	4
4863497817	Araschnia levana	1902533	Araschnia	1902519	2024-05-12T11:07:25Z	51.233964	5.186044	103
4863497144	Charanyca trigrammica	1778074	Charanyca	1778073	2024-05-11T07:38:00Z	50.55156	5.098314	1
4863494803	Phragmatobia fuliginosa	1804071	Phragmatobia	1803951	2024-05-09T13:33:19Z	51.215359	4.698458	100
4863491540	Pararge aegeria	8049830	Pararge	1894469	2024-05-11T13:27:40Z	51.070114	3.057878	3
4863490373	Pararge aegeria	8049830	Pararge	1894469	2024-05-10T13:55:59Z	50.813123	4.398015	48
4863489841	Ematurga atomaria	1956440	Ematurga	1956434	2024-05-11T11:21:00Z	49.664112	5.771598	164
4863487662	Lycaena phlaeas	1929697	Lycaena	1929153	2024-05-09T12:00:42Z	50.981459	4.537752	164
4863486627	Autographa gamma	1792418	Autographa	1792405	2024-05-13T11:38:54Z	50.520729	3.603896	4
4863486143	Laothoe populi	5124007	Laothoe	1863647	2024-05-14T07:07:00Z	50.551552	5.098339	4
4863480327	Cyaniris semiargus	5139156	Cyaniris	1928447	2024-05-13T13:44:06Z	50.0924	4.57295	11
4863477361	Pterostoma palpina	1825064	Pterostoma	1825057	2024-05-11T07:02:00Z	50.438726	6.108853	2
4863474299	Anthophila fabriciana	5123461	Anthophila	5123443	2024-05-13T11:20:46Z	50.812884	4.398131	5
4863470903	Pyrgus malvae	8109173	Pyrgus	1949704	2024-05-10T16:42:10Z	49.573373	5.821672	13
4863469195	Cilix glaucata	1951557	Cilix	1951549	2024-05-13T06:30:00Z	50.43873	6.10884	2
4863466764	Calliteara pudibunda	1819145	Calliteara	1819125	2024-05-04T22:46:54Z	50.619099	4.448935	100
4863465621	Autographa gamma	1792418	Autographa	1792405	2024-05-13T13:45:14Z	50.5206	3.60218	3
4863465349	Euclidia glyphica	1798408	Euclidia	1798377	2024-05-12T16:23:01Z	49.671904	5.587295	72
4863462845	Gonepteryx rhamni	1920712	Gonepteryx	1920704	2024-05-12T11:18:32Z	50.432904	5.641439	60
4863458966	Opisthograptis luteolata	1960617	Opisthograptis	1960592	2024-05-14T08:59:29Z	51.229805	2.941915	50
4863454205	Pterostoma palpina	1825064	Pterostoma	1825057	2024-05-13T06:25:00Z	50.438728	6.108841	2
4863449078	Cyclophora punctaria	5149665	Cyclophora	8107362	2024-05-08T15:03:18Z	51.199592	5.299561	182
4863441893	Phragmatobia fuliginosa	1804071	Phragmatobia	1803951	2024-05-14T13:11:25Z	51.066006	3.098802	113
4863439776	Pterostoma palpina	1825064	Pterostoma	1825057	2024-05-08T19:12:00Z	50.551551	5.098319	1
4863438667	Macrothylacia rubi	1732416	Macrothylacia	1732397	2024-05-10T16:40:46Z	49.573387	5.821514	117
4863434677	Borkhausenia minutella	1838911	Borkhausenia	12031311	2024-05-11T19:24:11Z	50.95979	5.684522	20
4863433440	Coenonympha pamphilus	1911461	Coenonympha	1911078	2024-05-13T14:17:19Z	50.089389	4.564017	4
4863433054	Pieris napi	1920494	Pieris	1920481	2024-05-07T13:18:24Z	50.31967	4.868774	8
4863430245	Pieris napi	1920494	Pieris	1920481	2024-05-12T11:12:00Z	51.059865	3.680002	634
4863429786	Aplocera plagiata	1984942	Aplocera	1984922	2024-05-13T11:21:52Z	50.812878	4.3982	8
4863428997	Phragmatobia fuliginosa	1804071	Phragmatobia	1803951	2024-05-10T06:52:00Z	50.551551	5.098324	1
4863426447	Araschnia levana	1902533	Araschnia	1902519	2024-05-11T13:22:00Z	51.070061	3.059545	4
4863423090	Pseudopanthera macularia	1954563	Pseudopanthera	1954555	2024-05-11T09:56:00Z	49.664247	5.771562	191
4863418433	Hamearis lucina	1934693	Hamearis	1934690	2024-05-13T13:41:39Z	50.213837	5.293937	30
4863415823	Anthocharis cardamines	1919712	Anthocharis	1919696	2024-05-10T17:16:51Z	50.179921	5.57609	13288
4863415639	Diaphora mendica	6097214	Diaphora	3261008	2024-05-11T06:49:00Z	50.43874	6.108857	2
4863414820	Eupithecia vulgata	1982542	Eupithecia	1982367	2024-05-12T07:08:00Z	50.551548	5.098334	1
4863414611	Anthocharis cardamines	1919712	Anthocharis	1919696	2024-05-11T16:56:00Z	49.664037	5.77134	122
4863410394	Autographa gamma	1792418	Autographa	1792405	2024-05-14T08:47:51Z	51.229783	2.941905	163
4863410390	Peribatodes rhomboidaria	1957572	Peribatodes	1957545	2024-05-14T08:58:03Z	51.229805	2.941924	224
4863410161	Scoliopteryx libatrix	1798449	Scoliopteryx	1798440	2024-05-08T15:35:42Z	49.780915	5.237647	12764
4863408482	Anthocharis cardamines	1919712	Anthocharis	1919696	2024-05-09T15:56:00Z	50.397146	5.887281	15
4863397169	Euclidia glyphica	1798408	Euclidia	1798377	2024-05-13T10:51:36Z	50.52084	3.603715	25
4863380141	Chiasmia clathrata	4525078	Chiasmia	4525072	2024-05-08T11:07:00Z	51.180797	4.655344	4
4863378499	Cydalima perspectalis	4532122	Cydalima	1884886	2024-04-14T15:24:18Z	50.83866	4.394494	23
4863374741	Pararge aegeria	8049830	Pararge	1894469	2024-05-13T14:33:24Z	50.521931	3.602966	5
4863367049	Lacanobia oleracea	1759083	Lacanobia	1759029	2024-05-12T07:07:00Z	50.551556	5.098315	1
4863366317	Orthosia miniosa	1799132	Orthosia	1798902	2024-05-08T14:51:00Z	50.493053	3.672868	31
4863364091	Issoria lathonia	1905383	Issoria	1905339	2024-05-08T13:45:00Z	51.085403	2.556302	122
4863362725	Epirrhoe tristata	1964653	Epirrhoe	1964577	2024-05-12T12:48:17Z	50.490433	6.133403	4
4863360933	Cydalima perspectalis	4532122	Cydalima	1884886	2024-05-13T14:25:42Z	50.092278	4.562392	11
4863356816	Adela viridella	1860987	Adela	1856563	2024-04-06T17:07:03Z	51.442999	4.513927	63
4863353069	Tyria jacobaeae	5115777	Tyria	1809069	2024-05-13T20:21:41Z	51.007492	3.78672	5
4863353025	Anthocharis cardamines	1919712	Anthocharis	1919696	2024-05-12T14:49:00Z	50.48807	6.15889	245
4863346790	Araschnia levana	1902533	Araschnia	1902519	2024-05-10T11:50:00Z	50.73979	5.419717	210
4863345185	Pseudopanthera macularia	1954563	Pseudopanthera	1954555	2024-05-09T13:21:00Z	49.664058	5.7715630000000004	249
4863341669	Araschnia levana	1902533	Araschnia	1902519	2024-05-14T11:05:00Z	50.436881	3.967078	346
4863340341	Xanthorhoe fluctuata	1986157	Xanthorhoe	1986081	2024-05-06T11:43:00Z	50.306932	4.158205	177
4855561220	Agonopterix propinquella	1840301	Agonopterix	1840273	2024-04-07T12:45:00Z	50.551554	5.098318	1
4855556425	Aglais io	4535827	Aglais	1894779	2024-05-05T10:50:00Z	51.157983	4.607749	15
4855521563	Pieris napi	1920494	Pieris	1920481	2024-05-01T13:50:00Z	49.66404	5.771287	24
4855520188	Stegania trimaculata	5149839	Stegania	1991817	2024-05-05T13:26:08Z	50.521976	4.84367	160
4855514988	Araschnia levana	1902533	Araschnia	1902519	2024-05-05T11:13:00Z	51.156167	4.602778	31
4855507961	Callimorpha dominula	4532534	Callimorpha	8936210	2024-05-04T14:24:00Z	50.281537	5.724938	197
4855484786	Anorthoa munda	6544687	Anorthoa	4407310	2024-05-05T10:11:00Z	51.150706	4.595814	15
4855478771	Opisthograptis luteolata	1960617	Opisthograptis	1960592	2024-05-04T08:26:35Z	50.467155	4.328028	200
4855477147	Eupithecia abbreviata	1984117	Eupithecia	1982367	2024-05-02T07:46:00Z	50.551548	5.098327	1
4855468321	Borkhausenia minutella	1838911	Borkhausenia	12031311	2024-05-03T19:54:45Z	50.946679	4.509527	26293
4855463034	Phlogophora meticulosa	1782560	Phlogophora	1782524	2024-05-04T07:38:42Z	51.2301	2.941968	27
4855461129	Cerura vinula	1825156	Cerura	1825121	2024-05-02T07:29:00Z	50.438745	6.108842	2
4855458758	Cossus cossus	5101394	Cossus	1730815	2024-05-03T18:52:56Z	51.239089	2.960322	9
4855433468	Plodia interpunctella	1873079	Plodia	1873074	2024-05-05T16:59:00Z	50.570702	3.507869	2
4855429594	Autographa gamma	1792418	Autographa	1792405	2024-05-01T15:20:56Z	51.238003	2.93223	167
4855425144	Orthosia cerasi	1798984	Orthosia	1798902	2024-05-02T06:56:00Z	50.438736	6.108837	2
4855418831	Saturnia pavonia	1867820	Saturnia	1867810	2024-05-01T16:24:50Z	51.280858	3.225363	8
4855415116	Celastrina argiolus	1925918	Celastrina	1925804	2024-04-30T15:12:00Z	49.66401	5.771317	2
4855409507	Alucita hexadactyla	1992504	Alucita	1856631	2024-05-02T07:10:00Z	50.438744	6.108846	2
4855394737	Orthosia incerta	1799135	Orthosia	1798902	2024-05-01T07:01:00Z	50.438738	6.108855	2
4855389631	Papilio machaon	8225376	Papilio	10175914	2024-05-01T16:18:18Z	50.433203	3.939992	723
4855363434	Xanthorhoe fluctuata	1986157	Xanthorhoe	1986081	2024-05-02T15:34:00Z	49.664088	5.771528	173
4855359815	Orthosia cruda	11992983	Orthosia	1798902	2024-05-02T08:23:00Z	51.149748	4.629935	4
4855353626	Opisthograptis luteolata	1960617	Opisthograptis	1960592	2024-05-01T07:31:00Z	50.551546	5.098297	1
4855351707	Orthosia incerta	1799135	Orthosia	1798902	2024-05-01T07:24:00Z	50.438725	6.108833	2
4855349041	Phlogophora meticulosa	1782560	Phlogophora	1782524	2024-04-08T22:21:57Z	51.125423	4.478017	188
4855342830	Cossus cossus	5101394	Cossus	1730815	2024-05-01T14:28:09Z	51.012604	3.655845	46
4855342783	Autographa gamma	1792418	Autographa	1792405	2024-05-01T11:33:40Z	50.74472	4.885545	294
4855338717	Notodonta ziczac	4534909	Notodonta	1825076	2024-05-01T06:54:00Z	50.438729	6.108847	2
4855334699	Pararge aegeria	8049830	Pararge	1894469	2024-05-05T15:48:00Z	50.981576	4.537239	2
4855333196	Syndemis musculana	1744180	Syndemis	1744165	2024-05-01T00:00:00Z	50.8097	4.40662	4
4855316475	Tethea or	5142971	Tethea	1952300	2024-05-01T06:49:00Z	50.43874	6.108857	2
4855309866	Lasiocampa quercus	1734826	Lasiocampa	1734683	2024-05-04T13:59:00Z	50.927477	4.042399	8
4855275558	Anania hortulata	8858121	Anania	7739898	2024-05-05T23:27:37Z	51.321381	5.220513	26229
4855275361	Carcharodus alceae	8277078	Carcharodus	1943357	2024-05-05T13:25:00Z	49.664085	5.772235	144
4855264473	Lasiocampa quercus	1734826	Lasiocampa	1734683	2024-05-05T15:53:39Z	51.000272	4.518278	4
4855262484	Incurvaria capittella	1860711	Incurvaria	1860657	2024-05-03T13:17:52Z	50.812825	4.398244	11
4855251107	Pyrausta despicata	1890576	Pyrausta	1890369	2024-05-05T09:46:00Z	49.66409	5.771533	94
4855240082	Lasiocampa quercus	1734826	Lasiocampa	1734683	2024-04-30T12:00:36Z	50.249435	4.92952	3
4855226597	Anthocharis cardamines	1919712	Anthocharis	1919696	2024-05-07T11:27:00Z	50.818262	4.398633	4
4855211623	Pyrausta despicata	1890576	Pyrausta	1890369	2024-05-07T08:27:00Z	49.664046	5.771369	4
4855207677	Euthrix potatoria	1734453	Euthrix	1734388	2024-05-04T09:27:00Z	50.242762	5.777423	8
4855204479	Pararge aegeria	8049830	Pararge	1894469	2024-05-05T11:02:00Z	51.156725	4.606414	8
4855197046	Pieris napi	1920494	Pieris	1920481	2024-05-05T10:53:00Z	51.157214	4.607068	8
4855178791	Pseudopanthera macularia	1954563	Pseudopanthera	1954555	2024-05-02T12:22:00Z	50.500415	5.054822	2
4855169551	Wittia sororcula	7596232	Wittia	3257694	2024-05-01T07:13:00Z	50.438744	6.108847	2
4855167711	Mimas tiliae	5123922	Mimas	1863292	2024-05-04T18:08:06Z	50.852405	4.353988	31
4855163084	Coenonympha pamphilus	1911461	Coenonympha	1911078	2024-05-01T11:24:53Z	50.413512	4.006055	98
4855158316	Anthocharis cardamines	1919712	Anthocharis	1919696	2024-05-05T13:06:00Z	50.814183	4.435472	94
4855151891	Aethalura punctulata	1990150	Aethalura	1990136	2024-05-02T07:07:00Z	50.438735	6.108835	2
4855146964	Anthocharis cardamines	1919712	Anthocharis	1919696	2024-05-04T14:56:00Z	50.927403	4.043315	8
4855128637	Chiasmia clathrata	4525078	Chiasmia	4525072	2024-05-05T12:58:22Z	50.962994	5.668926	8
4855116713	Pseudopanthera macularia	1954563	Pseudopanthera	1954555	2024-05-05T11:24:49Z	49.841187	5.00765	1403
4855114751	Pseudopanthera macularia	1954563	Pseudopanthera	1954555	2024-05-05T14:12:37Z	50.826892	2.9677	19
4855113643	Ematurga atomaria	1956440	Ematurga	1956434	2024-05-07T10:29:00Z	49.664212	5.771988	224
4855112863	Lobophora halterata	5144426	Lobophora	1964936	2024-05-01T07:33:00Z	50.551542	5.098315	1
4855110611	Micropterix calthella	1939677	Micropterix	1939616	2024-05-01T00:00:00Z	50.79264	4.413504	8
4855108508	Coenonympha pamphilus	1911461	Coenonympha	1911078	2024-05-05T11:38:00Z	51.156242	4.600355	8
4855107718	Cauchas rufimitrella	4522886	Cauchas	4404934	2024-05-05T16:36:25Z	50.981374	4.537598	164
4855094294	Ematurga atomaria	1956440	Ematurga	1956434	2024-05-05T12:55:07Z	50.963125	5.669376	7
4855082826	Epirrhoe alternata	8361848	Epirrhoe	1964577	2024-04-29T16:31:00Z	49.671028	5.8915	8
4855081475	Cilix glaucata	1951557	Cilix	1951549	2024-05-01T07:32:00Z	50.551543	5.09831	1
4855079943	Pyralis farinalis	1872901	Pyralis	1872845	2024-05-05T13:34:35Z	51.002003	4.5133	3
4855072531	Phlogophora meticulosa	1782560	Phlogophora	1782524	2024-05-05T12:23:10Z	51.071895	3.686282	66
4855063530	Lycia hirtaria	5147681	Lycia	1976515	2024-05-01T07:03:00Z	50.43874	6.108835	2
4855058437	Erannis defoliaria	1956599	Erannis	1956545	2024-04-28T14:53:20Z	50.95665	4.632688	4
4855048716	Pararge aegeria	8049830	Pararge	1894469	2024-05-01T15:36:45Z	50.735186	6.015729	557
4855039157	Araschnia levana	1902533	Araschnia	1902519	2024-05-01T11:27:00Z	49.66413	5.771605	184
4855026577	Lasiommata megera	4535632	Pararge	1894469	2024-05-01T16:17:18Z	50.434082	3.939985	507
4855015941	Lomographa temerata	1986056	Lomographa	1985969	2024-05-01T07:12:00Z	50.438725	6.108854	2
4855007153	Drymonia ruficornis	5118892	Drymonia	1825444	2024-05-02T06:59:00Z	50.438732	6.108841	2
4854993005	Cydia strobilella	4530002	Cydia	1737701	2024-05-02T07:50:00Z	50.55155	5.098331	1
4854992425	Esperia sulphurella	5770913	Dafa	1835027	2024-04-12T08:29:00Z	50.570736	3.507858	2
4854989481	Lycia hirtaria	5147681	Lycia	1976515	2024-05-02T07:16:00Z	50.438735	6.108848	2
4854985027	Anthocharis cardamines	1919712	Anthocharis	1919696	2024-05-05T12:42:00Z	50.813985	4.434762	16
4854981693	Pyrausta despicata	1890576	Pyrausta	1890369	2024-05-05T13:27:00Z	49.664293	5.772013	203
4854979516	Anthocharis cardamines	1919712	Anthocharis	1919696	2024-05-05T09:38:00Z	49.6641	5.77153	6
4854978742	Anthocharis cardamines	1919712	Anthocharis	1919696	2024-05-07T10:24:00Z	49.664028	5.771318	98
4854967905	Mythimna albipuncta	5772178	Mythimna	1767644	2024-05-03T09:32:00Z	49.664007	5.771257	228
4854964624	Gonepteryx rhamni	1920712	Gonepteryx	1920704	2024-05-01T11:00:00Z	49.664	5.771315	206
4854958302	Autographa gamma	1792418	Autographa	1792405	2024-05-05T20:26:56Z	50.59351	3.411974	56
4854954030	Autographa gamma	1792418	Autographa	1792405	2024-05-01T07:19:00Z	50.43875	6.108842	2
4854953259	Autographa gamma	1792418	Autographa	1792405	2024-05-05T14:41:37Z	50.828767	2.966253	4
4854936525	Peridea anceps	1822346	Peridea	1822307	2024-05-01T07:34:00Z	50.438732	6.108846	2
4854933528	Pieris brassicae	1920506	Pieris	1920481	2024-05-02T09:05:00Z	51.152653	4.627206	8
4854929760	Pseudopanthera macularia	1954563	Pseudopanthera	1954555	2024-05-05T15:04:00Z	51.098702	3.325317	195
4854921237	Lobophora halterata	5144426	Lobophora	1964936	2024-04-29T08:17:21Z	51.253272	2.971654	86
4854897656	Celastrina argiolus	1925918	Celastrina	1925804	2024-04-30T16:44:00Z	49.663993	5.771313	69
4854887399	Smerinthus ocellata	1862580	Smerinthus	1862568	2024-05-01T16:24:50Z	51.280858	3.225363	8
4854874510	Orthosia cruda	11992983	Orthosia	1798902	2024-05-02T08:33:00Z	51.150166	4.630201	8
4854857647	Aleucis distinctata	4524403	Aleucis	4524400	2024-05-01T07:38:00Z	50.438737	6.10885	2
4854833477	Euclidia glyphica	1798408	Euclidia	1798377	2024-05-07T08:29:00Z	49.664015	5.771267	108
4854821285	Lythria cruentaria	1959735	Lythria	1959668	2024-04-08T18:15:22Z	51.197475	5.26738	4
4854812314	Incurvaria masculella	4522933	Incurvaria	1860657	2024-05-02T15:23:00Z	49.664133	5.771485	38
4854810441	Thyatira batis	5142870	Thyatira	1951569	2024-04-30T23:13:00Z	49.664185	5.772358	2
4854806284	Pararge aegeria	8049830	Pararge	1894469	2024-05-05T12:30:38Z	50.963103	5.673786	12
4854805176	Cossus cossus	5101394	Cossus	1730815	2024-04-29T11:16:56Z	50.583252	3.434326	66
4854794041	Gonepteryx rhamni	1920712	Gonepteryx	1920704	2024-05-05T15:25:00Z	50.981472	4.537285	2
4854793434	Araschnia levana	1902533	Araschnia	1902519	2024-05-01T14:46:31Z	50.844524	3.77538	72
4854791500	Opisthograptis luteolata	1960617	Opisthograptis	1960592	2024-05-02T00:00:00Z	50.809883	4.406433	1
4854786219	Diaphora mendica	6097214	Diaphora	3261008	2024-05-02T07:03:00Z	50.438738	6.108849	2
4853190621	Acasis viretata	7681733	Acasis	1968199	2024-04-29T09:28:00Z	49.664057	5.771445	99
4853165108	Anthocharis cardamines	1919712	Anthocharis	1919696	2024-04-29T12:30:00Z	49.664085	5.771435	105
4853148491	Anthocharis cardamines	1919712	Anthocharis	1919696	2024-04-21T14:58:00Z	50.733022	4.46904	29
4853098407	Aglais io	4535827	Aglais	1894779	2024-04-23T12:08:40Z	50.81302	4.398028	3
4853093388	Pyrausta aurata	1890534	Pyrausta	1890369	2024-04-27T00:00:00Z	50.381031	5.522149	31
4853018482	Aglais io	4535827	Aglais	1894779	2024-04-18T11:41:34Z	50.928522	5.387835	85
4853002887	Cossus cossus	5101394	Cossus	1730815	2024-04-13T14:00:00Z	50.38435	4.520958	195
4852984181	Esperia sulphurella	5770913	Dafa	1835027	2024-04-13T17:25:52Z	50.684159	4.375669	16
4852941911	Pieris napi	1920494	Pieris	1920481	2024-04-23T15:26:47Z	50.595613	4.302673	9
4852922209	Esperia sulphurella	5770913	Dafa	1835027	2024-04-23T13:27:36Z	50.813104	4.397937	3
4852911983	Hypena rostralis	1798594	Hypena	1798514	2024-04-19T20:00:11Z	51.110719	5.238308	179
4852901238	Pararge aegeria	8049830	Pararge	1894469	2024-04-18T12:29:34Z	50.610587	3.764765	3
4852888480	Anthocharis cardamines	1919712	Anthocharis	1919696	2024-04-20T14:05:35Z	50.214472	5.295028	10
4852883505	Erannis defoliaria	1956599	Erannis	1956545	2024-04-18T11:12:06Z	50.928025	5.386503	211
4852839979	Adela viridella	1860987	Adela	1856563	2024-04-18T10:00:16Z	50.153222	4.207887	5
4852821463	Pyrausta despicata	1890576	Pyrausta	1890369	2024-04-07T11:48:00Z	49.664068	5.771477	46
4852809747	Arctia caja	5115874	Arctia	5115807	2024-04-18T00:00:00Z	50.790709	4.410196	13
4852805574	Anthocharis cardamines	1919712	Anthocharis	1919696	2024-04-08T10:33:43Z	51.237446	4.60697	8
4852795145	Anthocharis cardamines	1919712	Anthocharis	1919696	2024-04-18T09:54:00Z	49.664357	5.772106	8
4852789373	Aphomia sociella	1870250	Aphomia	1870242	2024-04-18T23:20:00Z	50.433256	4.86709	23
4852763117	Autographa gamma	1792418	Autographa	1792405	2024-04-29T00:00:00Z	50.792653	4.413462	8
4852758584	Cydalima perspectalis	4532122	Cydalima	1884886	2024-04-14T14:08:29Z	50.338872	4.523338	9
4852753512	Anthocharis cardamines	1919712	Anthocharis	1919696	2024-04-29T13:01:41Z	51.025989	5.569375	3
4852737427	Pieris napi	1920494	Pieris	1920481	2024-04-12T14:20:35Z	51.047585	5.222041	13
4852732818	Cydalima perspectalis	4532122	Cydalima	1884886	2024-04-14T14:06:20Z	50.33884	4.523437	4
4852709079	Gonepteryx rhamni	1920712	Gonepteryx	1920704	2024-04-30T16:22:53Z	50.874985	4.751848	124
4852702195	Anthocharis cardamines	1919712	Anthocharis	1919696	2024-04-17T17:00:00Z	49.664377	5.772136	4
4852700680	Anthocharis cardamines	1919712	Anthocharis	1919696	2024-04-29T10:35:04Z	50.613485	6.214644	2766
4852657904	Pieris napi	1920494	Pieris	1920481	2024-04-29T20:01:20Z	51.007201	3.78006	7
4852645126	Pieris napi	1920494	Pieris	1920481	2024-03-31T11:28:33Z	50.360742	5.579338	1397
4852630754	Pheosia tremula	1825983	Pheosia	1825963	2024-04-30T08:09:00Z	50.551557	5.0983	1
4852593053	Esperia sulphurella	5770913	Dafa	1835027	2024-04-30T00:00:00Z	50.809737	4.406592	1
4852566021	Cydalima perspectalis	4532122	Cydalima	1884886	2024-04-30T12:19:58Z	50.874732	4.751783	245
4852560949	Anthocharis cardamines	1919712	Anthocharis	1919696	2024-04-29T14:08:00Z	49.664092	5.771428	100
4852556696	Euthrix potatoria	1734453	Euthrix	1734388	2024-04-29T00:00:00Z	50.791504	4.414577	61
4852533023	Adela viridella	1860987	Adela	1856563	2024-04-28T15:38:20Z	50.119003	5.919717	200
4852519000	Cossus cossus	5101394	Cossus	1730815	2024-04-29T16:35:56Z	50.696472	3.685258	17
4852485332	Ematurga atomaria	1956440	Ematurga	1956434	2024-04-23T15:06:00Z	49.664053	5.77129	186
4852460914	Plodia interpunctella	1873079	Plodia	1873074	2024-04-21T20:14:00Z	50.559261	4.695983	494
4852412719	Phlogophora meticulosa	1782560	Phlogophora	1782524	2024-04-30T18:31:48Z	50.831909	3.238475	13
4852405450	Anania hortulata	8858121	Anania	7739898	2024-04-18T07:55:00Z	50.570673	3.507807	4
4852387042	Syndemis musculana	1744180	Syndemis	1744165	2024-04-20T00:00:00Z	50.809729	4.406548	1
4852386736	Clostera curtula	1822796	Clostera	1822778	2024-04-19T19:21:22Z	50.813133	4.397967	3
4852354024	Anthocharis cardamines	1919712	Anthocharis	1919696	2024-04-30T10:30:00Z	49.663987	5.771267	40
4852341797	Notodonta ziczac	4534909	Notodonta	1825076	2024-04-22T08:13:05Z	51.066508	3.096971	171
4852313554	Aporia crataegi	1920218	Aporia	8319926	2024-04-27T10:20:59Z	50.270326	5.531548	26389
4852293669	Pararge aegeria	8049830	Pararge	1894469	2024-04-28T15:47:00Z	50.713484	4.5085	54
4852278029	Adela viridella	1860987	Adela	1856563	2024-04-17T15:41:52Z	50.954563	4.632617	4
4852268783	Clostera anachoreta	1822830	Clostera	1822778	2024-04-29T21:09:00Z	49.664187	5.772322	2
4852201248	Operophtera brumata	1972449	Operophtera	1972425	2024-04-18T11:12:32Z	50.928028	5.386503	176
4852197552	Cameraria ohridella	1749449	Cameraria	1749401	2024-04-07T00:34:07Z	50.821904	4.379549	30
4852195984	Erannis defoliaria	1956599	Erannis	1956545	2024-04-22T13:50:47Z	51.043394	3.692456	41
4852194018	Esperia sulphurella	5770913	Dafa	1835027	2024-04-26T17:17:38Z	50.813115	4.398151	6
4852189364	Lasiocampa quercus	1734826	Lasiocampa	1734683	2024-04-30T12:20:45Z	50.874732	4.751783	203
4852169903	Erannis defoliaria	1956599	Erannis	1956545	2024-04-18T13:15:00Z	50.929314	5.390443	153
4852132085	Orthosia cerasi	1798984	Orthosia	1798902	2024-04-27T00:00:00Z	50.381384	5.521989	15
4852120327	Pyrausta despicata	1890576	Pyrausta	1890369	2024-04-27T00:00:00Z	50.381017	5.522031	61
4852094892	Smerinthus ocellata	1862580	Smerinthus	1862568	2024-04-25T16:52:31Z	50.820336	4.395097	23
4852087901	Pararge aegeria	8049830	Pararge	1894469	2024-04-30T10:53:00Z	51.152592	4.627796	8
4852031559	Hofmannophila pseudospretella	1836899	Hofmannophila	1836898	2024-04-19T15:45:00Z	50.551548	5.098271	1
4851982300	Idaea seriata	5147039	Idaea	1973909	2024-04-25T08:29:29Z	50.934044	4.433554	26293
4851966838	Cydalima perspectalis	4532122	Cydalima	1884886	2024-04-24T16:53:26Z	50.453656	4.168787	91
4851962024	Pieris napi	1920494	Pieris	1920481	2024-03-29T12:59:00Z	51.072069	2.825399	10
4851958270	Tyria jacobaeae	5115777	Tyria	1809069	2024-04-30T09:28:44Z	51.108864	4.526858	32
4851904109	Ematurga atomaria	1956440	Ematurga	1956434	2024-04-29T12:24:00Z	49.665477	5.769568	145
4851900509	Erannis defoliaria	1956599	Erannis	1956545	2024-04-18T11:57:50Z	50.92873	5.389377	46
4851900004	Yponomeuta cagnagellus	4525369	Yponomeuta	1830379	2024-04-27T00:00:00Z	50.381357	5.521963	15
4851892034	Pararge aegeria	8049830	Pararge	1894469	2024-04-18T12:23:34Z	50.929243	5.390693	123
4851888293	Operophtera brumata	1972449	Operophtera	1972425	2024-04-26T17:36:00Z	50.843329	4.36441	20
4851877928	Pieris napi	1920494	Pieris	1920481	2024-04-23T14:15:33Z	50.214472	5.294872	11
4851863627	Pieris napi	1920494	Pieris	1920481	2024-04-29T20:01:36Z	51.007269	3.780087	5
4851863204	Anthocharis cardamines	1919712	Anthocharis	1919696	2024-04-21T11:50:00Z	50.876691	5.568609	138
4851824442	Aglais io	4535827	Aglais	1894779	2024-04-18T12:40:00Z	50.928531	5.387915	67
4851820485	Araschnia levana	1902533	Araschnia	1902519	2024-04-15T18:11:18Z	50.681978	3.406303	6
4851797999	Mormo maura	1761735	Mormo	1761728	2024-04-17T11:22:17Z	50.630145	4.783333	212
4851786877	Anthocharis cardamines	1919712	Anthocharis	1919696	2024-04-28T15:20:43Z	49.669523	5.902263	8
4851725976	Erannis defoliaria	1956599	Erannis	1956545	2024-04-18T12:09:42Z	50.929177	5.390053	209
4847259923	Anthocharis cardamines	1919712	Anthocharis	1919696	2024-04-01T10:34:00Z	50.460236	3.685226	1448
4847238315	Aglais io	4535827	Aglais	1894779	2024-03-20T15:46:00Z	51.06438	3.680359	470
4847230197	Aglais io	4535827	Aglais	1894779	2024-04-14T14:12:44Z	50.778644	3.948972	101
4847220581	Lasiocampa trifolii	1734704	Lasiocampa	1734683	2024-04-12T17:33:11Z	51.196072	5.26813	4
4847218816	Lycia hirtaria	5147681	Lycia	1976515	2024-04-14T07:22:00Z	50.438731	6.108847	2
4847209232	Pararge aegeria	8049830	Pararge	1894469	2024-04-13T09:47:00Z	51.190395	4.345716	421
4847200525	Euproctis chrysorrhoea	1821856	Euproctis	9078901	2024-04-13T11:41:40Z	51.199185	2.843626	188
4847200202	Cydalima perspectalis	4532122	Cydalima	1884886	2024-04-12T16:54:00Z	50.274596	4.900997	45
4847192891	Aglais io	4535827	Aglais	1894779	2024-04-13T18:46:48Z	50.804063	4.649307	71
4847187711	Anthocharis cardamines	1919712	Anthocharis	1919696	2024-04-13T13:56:00Z	49.664094	5.771428	10
4847181525	Polygonia c-album	1898544	Polygonia	1898474	2024-04-14T14:33:56Z	50.708852	4.790732	82
4847176905	Orthosia incerta	1799135	Orthosia	1798902	2024-04-13T07:43:00Z	50.438743	6.108832	2
4847172489	Anthocharis cardamines	1919712	Anthocharis	1919696	2024-04-13T12:20:37Z	50.813063	4.398181	7
4847169694	Pieris napi	1920494	Pieris	1920481	2024-04-10T19:14:00Z	51.125586	5.226278	99
4847166151	Orthosia gothica	1798974	Orthosia	1798902	2024-04-13T07:46:00Z	50.438736	6.108824	2
4847164218	Lobophora halterata	5144426	Lobophora	1964936	2024-04-12T09:15:00Z	50.551473	5.100925	244
4847124297	Cossus cossus	5101394	Cossus	1730815	2024-04-12T13:13:37Z	51.331822	3.384388	4
4847119415	Xanthorhoe fluctuata	1986157	Xanthorhoe	1986081	2024-04-16T13:34:00Z	51.149305	4.621394	2
4847113200	Orthosia gothica	1798974	Orthosia	1798902	2024-04-13T07:49:00Z	50.438717	6.108802	2
4847106539	Anthocharis cardamines	1919712	Anthocharis	1919696	2024-04-13T10:34:00Z	49.664045	5.771337	167
4847099578	Lycia hirtaria	5147681	Lycia	1976515	2024-04-14T07:14:00Z	50.438738	6.108828	2
4847097119	Anthocharis cardamines	1919712	Anthocharis	1919696	2024-04-13T12:02:00Z	50.737162	4.362157	4
4847082739	Phlogophora meticulosa	1782560	Phlogophora	1782524	2024-04-14T19:15:39Z	51.047321	3.752869	12
4847080587	Pararge aegeria	8049830	Pararge	1894469	2024-04-11T14:22:04Z	50.813019	4.398046	153
4847056644	Polygonia c-album	1898544	Polygonia	1898474	2024-04-12T11:35:00Z	50.748943	4.34494	12
4847052391	Anthocharis cardamines	1919712	Anthocharis	1919696	2024-04-13T10:44:00Z	49.66404	5.771312	117
4847024407	Pararge aegeria	8049830	Pararge	1894469	2024-04-14T16:18:26Z	50.952217	4.630858	9
4847021815	Aglais io	4535827	Aglais	1894779	2024-04-13T16:36:32Z	50.417842	4.998008	4
4847018767	Gymnoscelis rufifasciata	1992066	Gymnoscelis	1991946	2024-04-13T07:55:00Z	50.551551	5.09832	1
4847006292	Aglais io	4535827	Aglais	1894779	2024-04-13T15:28:03Z	50.593067	3.413352	173
4846993430	Pheosia tremula	1825983	Pheosia	1825963	2024-04-13T07:39:00Z	50.438748	6.108831	4
4846984052	Lycia hirtaria	5147681	Lycia	1976515	2024-04-14T06:56:00Z	50.438732	6.108847	2
4846980559	Pararge aegeria	8049830	Pararge	1894469	2024-04-10T11:21:00Z	50.73712	4.36202	204
4846979154	Aethalura punctulata	1990150	Aethalura	1990136	2024-04-14T06:48:00Z	50.43874	6.108857	2
4846973851	Semioscopis steinkellneriana	1835432	Semioscopis	1835429	2024-04-14T07:05:00Z	50.438728	6.108848	2
4846970365	Lycia hirtaria	5147681	Lycia	1976515	2024-04-14T09:37:00Z	50.551551	5.098319	1
4846966046	Aphomia sociella	1870250	Aphomia	1870242	2024-04-15T23:51:10Z	50.593468	3.411992	97
4846960979	Orthosia cerasi	1798984	Orthosia	1798902	2024-04-14T06:59:00Z	50.438724	6.108831	2
4846957821	Pararge aegeria	8049830	Pararge	1894469	2024-04-13T14:59:00Z	51.071467	3.109383	182
4846951756	Pieris rapae	1920496	Pieris	1920481	2024-04-11T14:33:40Z	50.812942	4.398109	106
4846948963	Diaphora mendica	6097214	Diaphora	3261008	2024-04-14T09:37:00Z	50.551544	5.09833	1
4846947504	Pararge aegeria	8049830	Pararge	1894469	2024-04-14T13:55:35Z	50.773086	3.954228	5
4846924021	Pieris napi	1920494	Pieris	1920481	2024-04-06T15:22:10Z	50.221517	5.241457	679
4846919161	Vanessa atalanta	1898286	Vanessa	1898261	2024-04-13T18:12:27Z	50.709352	4.779977	160
4846911907	Watsonalla cultraria	1952812	Watsonalla	1952801	2024-04-14T16:19:32Z	50.710128	4.274842	4
4846903326	Anthocharis cardamines	1919712	Anthocharis	1919696	2024-04-12T11:44:58Z	50.812881	4.398119	8
4846902978	Anthocharis cardamines	1919712	Anthocharis	1919696	2024-04-14T16:12:00Z	49.664143	5.77161	6
4846901913	Anthocharis cardamines	1919712	Anthocharis	1919696	2024-04-14T15:14:43Z	50.70897	4.790426	40
4846899354	Gonepteryx rhamni	1920712	Gonepteryx	1920704	2024-04-13T11:01:00Z	49.664033	5.771278	177
4846888419	Anthocharis cardamines	1919712	Anthocharis	1919696	2024-04-13T18:20:36Z	50.844882	3.775721	90
4846887589	Noctua fimbriata	1789745	Noctua	1789671	2024-04-12T11:27:21Z	50.763044	4.37208	7
4846885382	Celastrina argiolus	1925918	Celastrina	1925804	2024-04-14T16:15:00Z	49.66406	5.771312	211
4846882286	Pieris rapae	1920496	Pieris	1920481	2024-04-10T10:18:09Z	50.614103	4.56177	215
4846876294	Pterostoma palpina	1825064	Pterostoma	1825057	2024-04-13T07:52:00Z	50.551555	5.098326	1
4846874380	Lobophora halterata	5144426	Lobophora	1964936	2024-04-12T09:15:00Z	50.551559	5.098327	1
4846873276	Xylocampa areola	1768150	Xylocampa	1768136	2024-04-14T07:18:00Z	50.438724	6.10884	2
4846872148	Aglais io	4535827	Aglais	1894779	2024-04-10T10:15:09Z	50.613996	4.561785	262
4846871633	Timandra comae	1966017	Timandra	1965967	2024-04-12T20:13:56Z	50.593601	3.411924	100
4846869948	Amphipyra berbera	1766128	Amphipyra	1766123	2024-04-13T18:22:37Z	50.953367	4.071366	26293
4846825143	Hofmannophila pseudospretella	1836899	Hofmannophila	1836898	2024-04-10T18:28:41Z	49.865578	5.110872	96
4846818088	Celastrina argiolus	1925918	Celastrina	1925804	2024-04-10T13:32:00Z	50.869237	2.853392	26293
4846811547	Cydalima perspectalis	4532122	Cydalima	1884886	2024-04-14T17:08:00Z	50.53909	4.267966	177
4846811194	Cydalima perspectalis	4532122	Cydalima	1884886	2024-04-11T15:13:45Z	50.926868	4.327423	232
4607669225	Pararge aegeria	8049830	Pararge	1894469	2024-04-10T14:17:11Z	50.6246	3.77707	4
4607664213	Conistra vaccinii	1768702	Conistra	1768691	2024-04-09T08:06:00Z	50.438718	6.108841	2
4607663391	Polygonia c-album	1898544	Polygonia	1898474	2024-04-07T11:37:00Z	51.03298	4.27773	10
4607662584	Aglais io	4535827	Aglais	1894779	2024-04-06T16:14:18Z	50.956389	5.661517	225
4607661492	Lycia hirtaria	5147681	Lycia	1976515	2024-04-06T22:44:00Z	50.961741	5.488078	2
4607657501	Polygonia c-album	1898544	Polygonia	1898474	2024-04-06T15:24:43Z	50.217912	5.244629	624
4607657367	Nola confusalis	4534782	Nola	1801758	2024-04-06T22:08:00Z	50.961696	5.488075	4
4607649108	Conistra vaccinii	1768702	Conistra	1768691	2024-04-06T22:08:00Z	50.961696	5.488075	4
4607649080	Aglais io	4535827	Aglais	1894779	2024-04-06T14:50:00Z	50.570141	4.202758	27
4607647398	Adela viridella	1860987	Adela	1856563	2024-04-07T10:20:00Z	51.372667	4.932132	8
4607641641	Polygonia c-album	1898544	Polygonia	1898474	2024-04-10T12:44:20Z	49.729872	5.650769	240
4607637994	Orthosia incerta	1799135	Orthosia	1798902	2024-04-08T07:10:00Z	50.438742	6.108853	2
4607626817	Orthosia incerta	1799135	Orthosia	1798902	2024-04-09T08:13:00Z	50.438714	6.108848	2
4607625554	Anorthoa munda	6544687	Anorthoa	4407310	2024-04-06T22:57:00Z	50.961741	5.488078	2
4607625518	Drymonia ruficornis	5118892	Drymonia	1825444	2024-04-06T22:03:00Z	50.961696	5.488075	4
4607621502	Pararge aegeria	8049830	Pararge	1894469	2024-04-07T14:37:56Z	50.813205	4.398092	3
4607619438	Adela viridella	1860987	Adela	1856563	2024-04-06T12:03:00Z	50.428168	5.632031	168
4607616670	Polygonia c-album	1898544	Polygonia	1898474	2024-04-07T14:45:00Z	50.994112	3.651832	193
4607616301	Celastrina argiolus	1925918	Celastrina	1925804	2024-04-07T12:24:10Z	50.58941	3.403	178
4607611522	Aglais io	4535827	Aglais	1894779	2024-04-06T15:05:50Z	50.874163	4.261755	4
4607606108	Pararge aegeria	8049830	Pararge	1894469	2024-04-08T15:43:33Z	51.037036	3.786113	4
4607604668	Anthocharis cardamines	1919712	Anthocharis	1919696	2024-04-10T18:01:00Z	50.551544	5.098404	1
4607603128	Orthosia cruda	11992983	Orthosia	1798902	2024-04-06T22:52:00Z	50.961741	5.488078	2
4607602780	Nymphalis polychloros	7762841	Nymphalis	5130576	2024-04-06T13:49:10Z	51.003064	4.592075	8
4607601757	Gymnoscelis rufifasciata	1992066	Gymnoscelis	1991946	2024-04-07T08:09:00Z	50.551557	5.098326	1
4607599303	Acleris hastiana	1740392	Acleris	1739724	2024-04-07T08:09:00Z	50.551552	5.098352	1
4607598940	Aglais io	4535827	Aglais	1894779	2024-04-07T13:19:00Z	50.570959	4.200891	54
4607598263	Acasis viretata	7681733	Acasis	1968199	2024-04-06T22:51:00Z	50.961741	5.488078	2
4607591203	Cerastis rubricosa	5110885	Cerastis	1777868	2024-04-08T07:31:00Z	50.438725	6.108846	2
4607590343	Nymphalis polychloros	7762841	Nymphalis	5130576	2024-04-06T18:32:28Z	50.574529	3.869005	4
4607588124	Scoliopteryx libatrix	1798449	Scoliopteryx	1798440	2024-03-22T12:39:00Z	50.988838	5.658593	26293
4607581511	Polygonia c-album	1898544	Polygonia	1898474	2024-04-06T16:48:00Z	50.771513	4.452668	8
4607578745	Anthocharis cardamines	1919712	Anthocharis	1919696	2024-04-06T14:12:00Z	50.771324	4.452204	15
4607577346	Celastrina argiolus	1925918	Celastrina	1925804	2024-04-07T10:11:00Z	50.420283	5.621307	31
4607576307	Cossus cossus	5101394	Cossus	1730815	2024-03-31T16:38:48Z	50.209092	4.838536	27
4607573637	Adela viridella	1860987	Adela	1856563	2024-04-01T11:57:33Z	50.790654	4.406119	512
4607572973	Pararge aegeria	8049830	Pararge	1894469	2024-04-06T14:17:00Z	50.570332	4.200548	66
4607572836	Pararge aegeria	8049830	Pararge	1894469	2024-04-05T08:31:00Z	51.127459	5.237987	8
4607563949	Eupithecia abbreviata	1984117	Eupithecia	1982367	2024-03-31T00:28:00Z	49.664197	5.77229	77
4607561432	Pieris napi	1920494	Pieris	1920481	2024-04-04T16:22:00Z	50.650265	5.977436	2
4607545759	Orthosia cerasi	1798984	Orthosia	1798902	2024-04-07T07:51:00Z	50.438745	6.108848	2
4607545731	Opisthograptis luteolata	1960617	Opisthograptis	1960592	2024-04-07T08:06:00Z	50.551557	5.098321	1
4607545419	Peridea anceps	1822346	Peridea	1822307	2024-04-06T22:01:00Z	50.961696	5.488075	4
4607541077	Anticlea derivata	1975793	Anticlea	1975783	2024-04-07T08:08:00Z	50.551559	5.098317	1
4607524379	Trichopteryx carpinata	5147608	Trichopteryx	1975292	2024-04-09T07:59:00Z	50.43874	6.108857	2
4607521154	Celastrina argiolus	1925918	Celastrina	1925804	2024-03-31T10:47:00Z	50.813437	4.431	243
4607510573	Pheosia gnoma	1825971	Pheosia	1825963	2024-04-07T08:09:00Z	50.551558	5.098322	1
4607506634	Pararge aegeria	8049830	Pararge	1894469	2024-04-09T15:18:18Z	50.95523	4.635353	12
4607501296	Idaea seriata	5147039	Idaea	1973909	2024-03-30T15:46:34Z	51.225243	4.47719	100
4607499385	Aglais io	4535827	Aglais	1894779	2024-04-08T18:36:32Z	50.708927	4.779724	20
4607490859	Adela viridella	1860987	Adela	1856563	2024-03-31T09:47:37Z	49.79814	5.365303	185
4607483918	Celastrina argiolus	1925918	Celastrina	1925804	2024-04-08T17:12:28Z	51.12529	4.477923	206
4607470637	Pararge aegeria	8049830	Pararge	1894469	2024-04-06T14:40:29Z	50.510401	5.152054	129
4607467042	Orthosia opima	1798931	Orthosia	1798902	2024-04-07T07:38:00Z	50.438736	6.108837	2
4607466871	Drymonia ruficornis	5118892	Drymonia	1825444	2024-04-06T22:51:00Z	50.961741	5.488078	2
4607456987	Aglais io	4535827	Aglais	1894779	2024-04-06T14:56:45Z	51.046958	3.453013	4
4607456984	Gonepteryx rhamni	1920712	Gonepteryx	1920704	2024-04-06T14:40:05Z	51.04655	3.461788	4
4607452352	Xylocampa areola	1768150	Xylocampa	1768136	2024-03-31T15:50:00Z	49.664191	5.772306	2
4607442049	Cydalima perspectalis	4532122	Cydalima	1884886	2024-03-29T12:46:00Z	50.874906	4.751804	1
4607420670	Biston strataria	1975903	Biston	1975885	2024-04-07T07:28:00Z	50.438721	6.108817	4
4607409694	Aglais io	4535827	Aglais	1894779	2024-04-10T13:16:00Z	51.070072	2.677584	166
4607400859	Aglais io	4535827	Aglais	1894779	2024-04-07T16:20:00Z	50.994112	3.651832	193
4607399595	Pararge aegeria	8049830	Pararge	1894469	2024-04-06T12:38:04Z	50.783559	4.452329	102
4607397438	Pararge aegeria	8049830	Pararge	1894469	2024-03-29T13:54:00Z	51.403048	4.440422	197
4607347169	Ematurga atomaria	1956440	Ematurga	1956434	2024-03-31T13:00:00Z	51.092064	5.406443	26261
4607345445	Pararge aegeria	8049830	Pararge	1894469	2024-04-08T18:33:11Z	50.709174	4.779882	3
4607340912	Pararge aegeria	8049830	Pararge	1894469	2024-04-08T15:46:40Z	50.624477	3.777953	21
4607338016	Anthocharis cardamines	1919712	Anthocharis	1919696	2024-04-06T12:49:35Z	50.42223	5.621683	89
4607330334	Autographa gamma	1792418	Autographa	1792405	2024-04-08T08:31:32Z	50.9935	3.783841	11
4607313790	Aglais io	4535827	Aglais	1894779	2024-04-10T11:01:18Z	50.766676	4.453851	4
4607312006	Orthonama obstipata	4302252	Orthonama	1962995	2024-04-09T08:16:00Z	50.438717	6.108851	2
4607295325	Anthocharis cardamines	1919712	Anthocharis	1919696	2024-04-07T13:04:00Z	49.66404	5.771428	1
4607295304	Anthocharis cardamines	1919712	Anthocharis	1919696	2024-04-06T12:46:00Z	50.784089	4.45234	4
4607287787	Lycia hirtaria	5147681	Lycia	1976515	2024-04-08T07:17:00Z	50.438719	6.108839	2
4607260581	Pararge aegeria	8049830	Pararge	1894469	2024-04-01T15:01:00Z	50.441266	4.886553	7
4607259716	Aglais io	4535827	Aglais	1894779	2024-04-06T12:33:00Z	50.783768	4.452285	6
4607257580	Aglais io	4535827	Aglais	1894779	2024-04-06T12:49:00Z	50.784054	4.452354	8
4607243677	Pararge aegeria	8049830	Pararge	1894469	2024-04-09T13:29:00Z	50.937316	2.995494	26293
4607242408	Adela viridella	1860987	Adela	1856563	2024-04-06T16:30:37Z	51.071697	3.120963	178
4607240344	Pieris napi	1920494	Pieris	1920481	2024-04-06T14:13:00Z	50.771321	4.452048	15
4607238493	Saturnia pavonia	1867820	Saturnia	1867810	2024-04-07T08:00:00Z	50.438732	6.108822	2
4607233691	Scoliopteryx libatrix	1798449	Scoliopteryx	1798440	2024-03-22T11:58:00Z	50.912082	5.607796	26293
4607229955	Panolis flammea	1793877	Panolis	1793856	2024-04-06T22:06:00Z	50.961696	5.488075	4
4607229512	Anticlea derivata	1975793	Anticlea	1975783	2024-04-06T09:44:00Z	50.551552	5.098339	4
4607229258	Anthocharis cardamines	1919712	Anthocharis	1919696	2024-04-06T12:46:00Z	50.78411	4.452364	4
4607213903	Pheosia gnoma	1825971	Pheosia	1825963	2024-04-06T22:01:00Z	50.961696	5.488075	4
4607201190	Pararge aegeria	8049830	Pararge	1894469	2024-04-10T12:34:00Z	50.551532	5.098334	1
4607200660	Cydalima perspectalis	4532122	Cydalima	1884886	2024-04-08T13:20:57Z	50.400193	5.076525	3
4607192391	Pararge aegeria	8049830	Pararge	1894469	2024-04-07T11:31:46Z	51.116448	3.558958	36
4607190209	Gonepteryx rhamni	1920712	Gonepteryx	1920704	2024-04-07T11:01:00Z	51.363881	4.947862	4
4607188746	Orthosia cruda	11992983	Orthosia	1798902	2024-04-06T22:05:00Z	50.961696	5.488075	4
4607182951	Orthosia cerasi	1798984	Orthosia	1798902	2024-04-07T07:32:00Z	50.43874	6.108857	2
4607182777	Anthocharis cardamines	1919712	Anthocharis	1919696	2024-04-06T15:18:23Z	50.217567	5.245536	397
4607182556	Gonepteryx rhamni	1920712	Gonepteryx	1920704	2024-04-06T13:01:00Z	50.783599	4.45246	241
4607181842	Nola confusalis	4534782	Nola	1801758	2024-04-06T22:43:00Z	50.961741	5.488078	2
4607181357	Conistra erythrocephala	1768815	Conistra	1768691	2024-04-06T09:45:00Z	50.551551	5.09833	1
4607178331	Orthosia cerasi	1798984	Orthosia	1798902	2024-04-07T07:42:00Z	50.438742	6.108849	2
4607169113	Ectropis crepuscularia	8421569	Ectropis	1980718	2024-03-21T18:19:00Z	50.273636	4.905425	144
4607167234	Polygonia c-album	1898544	Polygonia	1898474	2024-04-06T12:49:00Z	50.783484	4.452412	126
4607164009	Gonepteryx rhamni	1920712	Gonepteryx	1920704	2024-04-05T16:26:00Z	49.664012	5.771302	204
4607158749	Gymnoscelis rufifasciata	1992066	Gymnoscelis	1991946	2024-03-26T14:10:54Z	51.172225	3.159145	53
4607154632	Cerastis rubricosa	5110885	Cerastis	1777868	2024-04-09T08:08:00Z	50.438717	6.108848	2
4607148308	Adela viridella	1860987	Adela	1856563	2024-04-07T03:53:00Z	51.02076	4.509849	31
4607146917	Saturnia pavonia	1867820	Saturnia	1867810	2024-04-07T10:47:03Z	50.464072	4.845333	14
4607143937	Anthocharis cardamines	1919712	Anthocharis	1919696	2024-04-07T11:47:00Z	51.353434	4.931154	8
4607136919	Anthocharis cardamines	1919712	Anthocharis	1919696	2024-04-09T14:55:00Z	49.664318	5.772143	87
4607136014	Pyrausta despicata	1890576	Pyrausta	1890369	2024-04-05T13:29:00Z	49.664013	5.771277	109
4607135817	Aglais io	4535827	Aglais	1894779	2024-04-05T16:36:53Z	50.692675	3.695967	7
4607124205	Anthocharis cardamines	1919712	Anthocharis	1919696	2024-04-06T14:33:55Z	50.422584	5.622	52
4607122267	Epirrhoe alternata	8361848	Epirrhoe	1964577	2024-04-06T10:51:00Z	51.018051	5.751054	42
4607120929	Aglais io	4535827	Aglais	1894779	2024-04-07T09:07:00Z	51.356097	4.927272	8
4607116246	Ligdia adustata	1962636	Ligdia	1962632	2024-04-07T08:10:00Z	50.55156	5.09832	1
4607115618	Pieris napi	1920494	Pieris	1920481	2024-04-04T14:49:31Z	50.766691	4.454038	8
4607114325	Aglais io	4535827	Aglais	1894779	2024-04-05T16:16:00Z	51.035127	3.696959	23
4607108763	Orthosia cerasi	1798984	Orthosia	1798902	2024-04-07T07:45:00Z	50.438747	6.108836	2
4607098988	Orthosia cerasi	1798984	Orthosia	1798902	2024-04-07T07:51:00Z	50.438742	6.108847	2
4607098043	Orthosia miniosa	1799132	Orthosia	1798902	2024-04-07T07:55:00Z	50.438733	6.108843	2
4607091349	Gonepteryx rhamni	1920712	Gonepteryx	1920704	2024-04-07T03:35:00Z	51.017945	4.505337	31
4607090088	Aglais io	4535827	Aglais	1894779	2024-04-07T11:24:06Z	51.11628	3.55912	22
4607089001	Conistra vaccinii	1768702	Conistra	1768691	2024-04-08T07:07:00Z	50.438745	6.108855	2
4607088401	Aglais io	4535827	Aglais	1894779	2024-04-06T12:25:00Z	50.068098	4.341381	31
4607088029	Pararge aegeria	8049830	Pararge	1894469	2024-04-06T15:26:00Z	50.879648	4.309136	21
4607080729	Aglais io	4535827	Aglais	1894779	2024-04-06T14:45:00Z	50.570495	4.201042	59
4607077451	Aglais io	4535827	Aglais	1894779	2024-04-06T14:29:00Z	50.882874	4.328548	20
4607076924	Pararge aegeria	8049830	Pararge	1894469	2024-04-04T12:38:07Z	50.648587	3.6791	7
4607076026	Gonepteryx rhamni	1920712	Gonepteryx	1920704	2024-02-12T13:31:25Z	51.072056	4.376691	44
4607071727	Gonepteryx rhamni	1920712	Gonepteryx	1920704	2024-04-04T12:22:00Z	51.151316	4.61996	2
4607062339	Opisthograptis luteolata	1960617	Opisthograptis	1960592	2024-04-04T14:20:28Z	50.2113	5.2910450000000004	35
4607047396	Pheosia tremula	1825983	Pheosia	1825963	2024-04-07T08:09:00Z	50.55156	5.098316	1
4607027704	Pararge aegeria	8049830	Pararge	1894469	2024-04-10T14:16:03Z	50.624542	3.77701	6
4607024259	Polygonia c-album	1898544	Polygonia	1898474	2024-04-06T12:41:00Z	50.784044	4.452369	8
4607016071	Gonepteryx rhamni	1920712	Gonepteryx	1920704	2024-04-06T17:40:59Z	50.216049	5.225156	720
4607015354	Gonepteryx rhamni	1920712	Gonepteryx	1920704	2024-04-05T13:07:00Z	49.66402	5.771292	147
4607003892	Gonepteryx rhamni	1920712	Gonepteryx	1920704	2024-04-05T12:26:00Z	49.66407	5.771417	32
4606996175	Pararge aegeria	8049830	Pararge	1894469	2024-04-06T16:44:27Z	50.216673	5.249974	981
4606995920	Cydalima perspectalis	4532122	Cydalima	1884886	2024-04-06T18:29:59Z	50.665572	3.212474	26325
4606991444	Anthocharis cardamines	1919712	Anthocharis	1919696	2024-04-06T16:53:00Z	50.771534	4.454384	15
4606990020	Pieris rapae	1920496	Pieris	1920481	2024-04-02T14:05:00Z	49.664013	5.771293	121
4606987152	Ematurga atomaria	1956440	Ematurga	1956434	2024-04-08T11:52:00Z	49.664033	5.771367	131
4606986628	Pararge aegeria	8049830	Pararge	1894469	2024-04-07T11:59:00Z	51.0367	4.2746	10
4606976622	Colocasia coryli	5114198	Colocasia	7384515	2024-04-08T14:41:00Z	50.551548	5.09832	1
4606974287	Pararge aegeria	8049830	Pararge	1894469	2024-04-08T11:48:06Z	50.762979	4.37196	67
4606973596	Agonopterix purpurea	1840570	Agonopterix	1840273	2024-03-22T11:38:00Z	50.85404	5.679772	26293
4606960479	Orthosia incerta	1799135	Orthosia	1798902	2024-04-08T09:07:00Z	50.551551	5.098332	1
4606959587	Ematurga atomaria	1956440	Ematurga	1956434	2024-04-08T18:16:50Z	51.197492	5.267378	3
4606956795	Gonepteryx rhamni	1920712	Gonepteryx	1920704	2024-04-06T13:52:00Z	50.419668	5.617299	90
4606946150	Gymnoscelis rufifasciata	1992066	Gymnoscelis	1991946	2024-03-31T21:29:34Z	50.842138	4.346475	6
4606916249	Peridea anceps	1822346	Peridea	1822307	2024-04-06T15:31:59Z	50.158055	5.223013	15
4606885892	Ematurga atomaria	1956440	Ematurga	1956434	2024-04-09T11:53:00Z	49.664077	5.771433	8
4606868194	Xylocampa areola	1768150	Xylocampa	1768136	2024-04-09T08:18:00Z	50.438711	6.10884	2
4606867673	Orthosia incerta	1799135	Orthosia	1798902	2024-04-08T07:14:00Z	50.438729	6.108835	2
4606867634	Aglais io	4535827	Aglais	1894779	2024-04-06T15:59:00Z	50.771598	4.453087	15
4606866379	Orthosia gothica	1798974	Orthosia	1798902	2024-04-07T07:31:00Z	50.438723	6.10884	2
4606847517	Biston strataria	1975903	Biston	1975885	2024-04-03T12:34:57Z	50.830211	4.538379	271
4606831367	Orthosia miniosa	1799132	Orthosia	1798902	2024-04-09T08:02:00Z	50.438722	6.108841	2
4606828200	Pyrausta despicata	1890576	Pyrausta	1890369	2024-04-01T13:33:00Z	49.664052	5.771265	209
4606825477	Callimorpha dominula	4532534	Callimorpha	8936210	2024-03-28T16:17:22Z	50.635717	3.298988	13
4606824034	Phlogophora meticulosa	1782560	Phlogophora	1782524	2024-03-30T19:12:00Z	50.859906	2.961518	26293
4606819802	Plodia interpunctella	1873079	Plodia	1873074	2024-03-29T22:48:00Z	49.664203	5.77227	207
4606808043	Pararge aegeria	8049830	Pararge	1894469	2024-04-03T20:26:34Z	50.83133	4.308072	4
4606804033	Aglais io	4535827	Aglais	1894779	2024-04-06T11:33:06Z	50.522012	4.84339	85
4606801715	Anthocharis cardamines	1919712	Anthocharis	1919696	2024-04-10T14:33:00Z	49.664005	5.7713	185
4606787852	Gonepteryx rhamni	1920712	Gonepteryx	1920704	2024-03-29T13:53:00Z	51.02967	4.29643	15
4606786765	Orthosia cruda	11992983	Orthosia	1798902	2024-03-29T15:09:35Z	51.389049	4.447807	65
4606778699	Selenia tetralunaria	1962265	Selenia	1962165	2024-04-09T08:00:00Z	50.438737	6.108841	2
4606739064	Selenia dentaria	1962204	Selenia	1962165	2024-03-31T12:53:00Z	49.664063	5.77127	76
4606717526	Anthocharis cardamines	1919712	Anthocharis	1919696	2024-04-08T11:49:00Z	49.663983	5.771273	119
4606714340	Aglais io	4535827	Aglais	1894779	2024-03-27T13:22:00Z	50.820209	4.364848	105
4606712848	Pieris rapae	1920496	Pieris	1920481	2024-03-28T14:37:00Z	49.664007	5.771297	158
4606703603	Trichopteryx carpinata	5147608	Trichopteryx	1975292	2024-04-08T07:42:00Z	50.438733	6.108843	2
4606687212	Selenia dentaria	1962204	Selenia	1962165	2024-04-01T12:18:00Z	49.664025	5.771323	239
4606684001	Aglais io	4535827	Aglais	1894779	2024-03-31T12:59:00Z	50.979682	2.861024	26293
4606672142	Euspilapteryx auroguttella	5104759	Euspilapteryx	5104758	2024-03-31T15:57:00Z	49.664132	5.771592	77
4606646726	Adela viridella	1860987	Adela	1856563	2024-03-26T13:39:31Z	51.174128	3.155658	235
4606646023	Lasiocampa quercus	1734826	Lasiocampa	1734683	2024-03-29T13:09:00Z	50.874903	4.751881	1
4606643200	Ectropis crepuscularia	8421569	Ectropis	1980718	2024-03-26T08:29:55Z	51.169241	3.158238	59
4606613155	Callimorpha dominula	4532534	Callimorpha	8936210	2024-03-29T22:20:00Z	50.81354	4.416179	169
4606592102	Scoliopteryx libatrix	1798449	Scoliopteryx	1798440	2024-03-29T10:55:51Z	51.054517	3.714405	27
4606585662	Ectropis crepuscularia	8421569	Ectropis	1980718	2024-03-26T08:43:56Z	51.169658	3.158355	320
4604623648	Cydalima perspectalis	4532122	Cydalima	1884886	2024-04-07T00:00:00Z	50.82016	5.22621	4
4604623601	Cydalima perspectalis	4532122	Cydalima	1884886	2024-04-06T00:00:00Z	51.20248	3.936	999
4604623562	Cydalima perspectalis	4532122	Cydalima	1884886	2024-04-06T00:00:00Z	50.89935	5.52539	13
4604623536	Cydalima perspectalis	4532122	Cydalima	1884886	2024-04-05T00:00:00Z	51.33256	3.24846	4
4604623484	Cydalima perspectalis	4532122	Cydalima	1884886	2024-04-04T00:00:00Z	51.07693	2.55473	4
4604623479	Cydalima perspectalis	4532122	Cydalima	1884886	2024-04-04T00:00:00Z	50.82587	4.70971	9
4604623398	Cydalima perspectalis	4532122	Cydalima	1884886	2024-04-01T00:00:00Z	51.26253	4.46578	2
4604622731	Cydalima perspectalis	4532122	Cydalima	1884886	2024-04-07T00:00:00Z	50.95565	5.31909	999
4604622722	Cydalima perspectalis	4532122	Cydalima	1884886	2024-04-07T00:00:00Z	51.25195	3.28226	5
4604622679	Cydalima perspectalis	4532122	Cydalima	1884886	2024-04-06T00:00:00Z	50.80569	5.01672	4
4604622605	Cydalima perspectalis	4532122	Cydalima	1884886	2024-04-06T00:00:00Z	50.76819	5.53679	19
4604622594	Cydalima perspectalis	4532122	Cydalima	1884886	2024-04-06T00:00:00Z	50.94483	4.56817	999
4604622552	Cydalima perspectalis	4532122	Cydalima	1884886	2024-04-05T00:00:00Z	51.23297	3.23658	7
4604622535	Cydalima perspectalis	4532122	Cydalima	1884886	2024-04-05T00:00:00Z	50.75283	5.13503	17
4604622505	Cydalima perspectalis	4532122	Cydalima	1884886	2024-04-04T00:00:00Z	51.33835	3.25522	35
4604622452	Cydalima perspectalis	4532122	Cydalima	1884886	2024-04-02T00:00:00Z	51.31405	3.13211	5
4604621752	Cydalima perspectalis	4532122	Cydalima	1884886	2024-04-07T00:00:00Z	50.83441	5.1003	35
4604621724	Cydalima perspectalis	4532122	Cydalima	1884886	2024-04-07T00:00:00Z	51.31717	4.93212	999
4604621720	Cydalima perspectalis	4532122	Cydalima	1884886	2024-04-07T00:00:00Z	51.06278	4.53401	999
4604621666	Cydalima perspectalis	4532122	Cydalima	1884886	2024-04-06T00:00:00Z	51.10691	4.0111	14
4604621661	Cydalima perspectalis	4532122	Cydalima	1884886	2024-04-06T00:00:00Z	50.87287	3.81138	4
4604621655	Cydalima perspectalis	4532122	Cydalima	1884886	2024-04-05T00:00:00Z	51.01557	3.93046	999
4604621638	Cydalima perspectalis	4532122	Cydalima	1884886	2024-04-06T00:00:00Z	50.74777	4.29207	4
4604621606	Cydalima perspectalis	4532122	Cydalima	1884886	2024-04-06T00:00:00Z	51.24594	5.52848	10
4604621578	Cydalima perspectalis	4532122	Cydalima	1884886	2024-04-06T00:00:00Z	50.85327	5.24014	4
4604621571	Cydalima perspectalis	4532122	Cydalima	1884886	2024-04-05T00:00:00Z	51.16779	5.59003	19
4604621425	Cydalima perspectalis	4532122	Cydalima	1884886	2024-04-02T00:00:00Z	50.93875	4.30907	6
4604621392	Cydalima perspectalis	4532122	Cydalima	1884886	2024-04-01T00:00:00Z	51.0256	2.86428	9
4604621387	Cydalima perspectalis	4532122	Cydalima	1884886	2024-04-01T00:00:00Z	50.95986	5.44328	5
4604621340	Cydalima perspectalis	4532122	Cydalima	1884886	2024-04-01T00:00:00Z	50.86175	3.64196	999
4604620752	Cydalima perspectalis	4532122	Cydalima	1884886	2024-04-07T00:00:00Z	51.24652	4.61028	29
4604620733	Cydalima perspectalis	4532122	Cydalima	1884886	2024-04-07T00:00:00Z	50.88625	4.76063	9
4604620714	Anthophila nemorana	5123474	Anthophila	5123443	2024-04-06T00:00:00Z	51.2241	4.46832	30
4604620685	Cydalima perspectalis	4532122	Cydalima	1884886	2024-04-07T00:00:00Z	50.96976	3.96458	4
4604620680	Bucculatrix ainsliella	1751299	Bucculatrix	1751227	2024-04-07T00:00:00Z	51.17429	4.98049	13
4604620606	Cydalima perspectalis	4532122	Cydalima	1884886	2024-04-06T00:00:00Z	50.79446	4.32676	12
4604620582	Cydalima perspectalis	4532122	Cydalima	1884886	2024-04-06T00:00:00Z	50.89656	4.36769	6
4604620581	Cydalima perspectalis	4532122	Cydalima	1884886	2024-04-06T00:00:00Z	51.10499	4.65536	20
4604620579	Bucculatrix ainsliella	1751299	Bucculatrix	1751227	2024-04-06T00:00:00Z	51.17417	4.98009	6
4604620523	Cydalima perspectalis	4532122	Cydalima	1884886	2024-04-04T00:00:00Z	51.19268	3.25995	3
4604620499	Cydalima perspectalis	4532122	Cydalima	1884886	2024-04-04T00:00:00Z	51.1554	5.81052	26
4604619683	Cydalima perspectalis	4532122	Cydalima	1884886	2024-04-07T00:00:00Z	50.86255	4.56531	14
4604619671	Cydalima perspectalis	4532122	Cydalima	1884886	2024-04-07T00:00:00Z	50.96161	4.79428	999
4604619665	Cydalima perspectalis	4532122	Cydalima	1884886	2024-04-07T00:00:00Z	51.14539	5.59101	4
4604619632	Cydalima perspectalis	4532122	Cydalima	1884886	2024-04-06T00:00:00Z	50.91956	4.04772	4
4604619602	Cydalima perspectalis	4532122	Cydalima	1884886	2024-04-06T00:00:00Z	50.80231	3.15338	4
4604619596	Cydalima perspectalis	4532122	Cydalima	1884886	2024-04-06T00:00:00Z	50.99176	4.79414	8
4604619556	Cydalima perspectalis	4532122	Cydalima	1884886	2024-04-05T00:00:00Z	51.10782	4.32957	999
4604619380	Cydalima perspectalis	4532122	Cydalima	1884886	2024-04-01T00:00:00Z	50.77644	3.03272	10
4604618671	Cydalima perspectalis	4532122	Cydalima	1884886	2024-04-07T00:00:00Z	50.85536	5.23963	13
4604618659	Bucculatrix ainsliella	1751299	Bucculatrix	1751227	2024-04-07T00:00:00Z	51.17431	4.98057	11
4604618616	Cydalima perspectalis	4532122	Cydalima	1884886	2024-04-06T00:00:00Z	50.92096	5.68923	12
4604618613	Cydalima perspectalis	4532122	Cydalima	1884886	2024-04-06T00:00:00Z	50.98895	5.08063	10
4604618605	Cydalima perspectalis	4532122	Cydalima	1884886	2024-04-06T00:00:00Z	51.0665	4.7164	999
4604618541	Cydalima perspectalis	4532122	Cydalima	1884886	2024-04-05T00:00:00Z	50.97704	4.42434	28
4604618503	Cydalima perspectalis	4532122	Cydalima	1884886	2024-04-04T00:00:00Z	51.25392	4.608	999
4604618484	Cydalima perspectalis	4532122	Cydalima	1884886	2024-04-04T00:00:00Z	50.96672	3.75625	23
4604618359	Cydalima perspectalis	4532122	Cydalima	1884886	2024-04-01T00:00:00Z	51.18484	4.40516	5
4604618358	Cydalima perspectalis	4532122	Cydalima	1884886	2024-04-01T00:00:00Z	50.87095	2.91841	12
4604617678	Cydalima perspectalis	4532122	Cydalima	1884886	2024-04-07T00:00:00Z	51.25203	3.28232	11
4604617654	Cydalima perspectalis	4532122	Cydalima	1884886	2024-04-07T00:00:00Z	50.87663	4.69453	999
4604617652	Cydalima perspectalis	4532122	Cydalima	1884886	2024-04-07T00:00:00Z	50.92183	4.50981	999
4604617649	Cydalima perspectalis	4532122	Cydalima	1884886	2024-04-07T00:00:00Z	51.08464	4.73591	11
4604617635	Cydalima perspectalis	4532122	Cydalima	1884886	2024-04-07T00:00:00Z	50.80015	3.62204	4
4604617594	Cydalima perspectalis	4532122	Cydalima	1884886	2024-04-06T00:00:00Z	50.99222	4.32645	12
4604617568	Cydalima perspectalis	4532122	Cydalima	1884886	2024-04-06T00:00:00Z	51.07686	4.80169	4
4604617550	Cydalima perspectalis	4532122	Cydalima	1884886	2024-04-06T00:00:00Z	51.28861	4.67471	322
4604617540	Cydalima perspectalis	4532122	Cydalima	1884886	2024-04-05T00:00:00Z	50.94473	4.56818	999
4604617373	Cydalima perspectalis	4532122	Cydalima	1884886	2024-04-01T00:00:00Z	50.77747	5.2556	4
4604617324	Cydalima perspectalis	4532122	Cydalima	1884886	2024-04-01T00:00:00Z	50.97867	5.41615	14
4604616680	Cydalima perspectalis	4532122	Cydalima	1884886	2024-04-07T00:00:00Z	50.88966	3.24117	4
4604616637	Cydalima perspectalis	4532122	Cydalima	1884886	2024-04-07T00:00:00Z	50.84814	4.03703	10
4604616603	Cydalima perspectalis	4532122	Cydalima	1884886	2024-04-06T00:00:00Z	51.17169	5.74103	4
4604616556	Cydalima perspectalis	4532122	Cydalima	1884886	2024-04-06T00:00:00Z	50.84006	5.43379	10
4604616536	Cydalima perspectalis	4532122	Cydalima	1884886	2024-04-05T00:00:00Z	51.11179	4.63272	999
4604616467	Cydalima perspectalis	4532122	Cydalima	1884886	2024-04-03T00:00:00Z	50.98047	4.72047	13
4604616365	Cydalima perspectalis	4532122	Cydalima	1884886	2024-04-01T00:00:00Z	51.18491	4.40507	5
4604615693	Cydalima perspectalis	4532122	Cydalima	1884886	2024-04-07T00:00:00Z	50.97833	5.29361	999
4604615688	Cydalima perspectalis	4532122	Cydalima	1884886	2024-04-07T00:00:00Z	51.25198	3.28224	5
4604615683	Cydalima perspectalis	4532122	Cydalima	1884886	2024-04-07T00:00:00Z	50.84076	3.27935	5
4604615666	Cydalima perspectalis	4532122	Cydalima	1884886	2024-04-07T00:00:00Z	50.98319	5.35675	5
4604615621	Cydalima perspectalis	4532122	Cydalima	1884886	2024-04-06T00:00:00Z	50.87338	5.55901	8
4604615599	Cydalima perspectalis	4532122	Cydalima	1884886	2024-04-06T00:00:00Z	51.09303	3.29064	21
4604615574	Cydalima perspectalis	4532122	Cydalima	1884886	2024-04-06T00:00:00Z	50.94269	4.37468	7
4604615538	Cydalima perspectalis	4532122	Cydalima	1884886	2024-04-05T00:00:00Z	51.11567	2.62795	999
4604615535	Cydalima perspectalis	4532122	Cydalima	1884886	2024-04-05T00:00:00Z	50.91185	3.0802	4
4604614709	Cydalima perspectalis	4532122	Cydalima	1884886	2024-04-07T00:00:00Z	50.95575	3.73605	5
4604614707	Cydalima perspectalis	4532122	Cydalima	1884886	2024-04-07T00:00:00Z	51.15221	5.74043	38
4604614688	Cydalima perspectalis	4532122	Cydalima	1884886	2024-04-07T00:00:00Z	50.94748	3.24859	5
4604614671	Cydalima perspectalis	4532122	Cydalima	1884886	2024-04-07T00:00:00Z	50.93015	5.12547	4
4604614666	Cydalima perspectalis	4532122	Cydalima	1884886	2024-04-07T00:00:00Z	50.82729	3.23585	7
4604614665	Cydalima perspectalis	4532122	Cydalima	1884886	2024-04-07T00:00:00Z	50.89146	4.97345	20
4604614659	Cydalima perspectalis	4532122	Cydalima	1884886	2024-04-06T00:00:00Z	51.20535	4.40542	999
4604614657	Cydalima perspectalis	4532122	Cydalima	1884886	2024-04-07T00:00:00Z	51.05629	3.71938	13
4604614618	Cydalima perspectalis	4532122	Cydalima	1884886	2024-04-06T00:00:00Z	50.87265	4.16179	15
4604614565	Cydalima perspectalis	4532122	Cydalima	1884886	2024-04-06T00:00:00Z	50.89608	4.36776	35
4604614560	Cydalima perspectalis	4532122	Cydalima	1884886	2024-04-06T00:00:00Z	51.17974	4.24516	11
4604614552	Phyllocnistis citrella	1749580	Phyllocnistis	8057237	2024-03-13T00:00:00Z	51.30273	3.14273	4
4604614359	Cydalima perspectalis	4532122	Cydalima	1884886	2024-04-01T00:00:00Z	50.95432	4.36887	4
4604614358	Cydalima perspectalis	4532122	Cydalima	1884886	2024-04-01T00:00:00Z	50.71866	3.93787	6
4604614323	Cydalima perspectalis	4532122	Cydalima	1884886	2024-04-01T00:00:00Z	50.98862	4.49541	5
4603043183	Cydalima perspectalis	4532122	Cydalima	1884886	2024-03-28T00:00:00Z	50.08853	4.56432	5
4603042959	Cydalima perspectalis	4532122	Cydalima	1884886	2024-03-20T00:00:00Z	50.08536	4.56604	1
4603042951	Cydalima perspectalis	4532122	Cydalima	1884886	2024-03-22T00:00:00Z	50.08645	4.5821	15
4603042298	Cydalima perspectalis	4532122	Cydalima	1884886	2024-03-30T00:00:00Z	50.1316	5.27488	999
4603042010	Cydalima perspectalis	4532122	Cydalima	1884886	2024-03-22T00:00:00Z	50.17306	5.29285	2828
4603041858	Cydalima perspectalis	4532122	Cydalima	1884886	2024-03-18T00:00:00Z	50.75087	4.49383	6
4603041714	Cydalima perspectalis	4532122	Cydalima	1884886	2024-03-10T00:00:00Z	50.09018	4.569	100
4603041187	Cydalima perspectalis	4532122	Cydalima	1884886	2024-03-29T00:00:00Z	50.21878	4.8248	5
4603041156	Cydalima perspectalis	4532122	Cydalima	1884886	2024-03-10T00:00:00Z	50.09018	4.569	100
4603041067	Cydalima perspectalis	4532122	Cydalima	1884886	2024-03-25T00:00:00Z	50.08836	4.56919	3
4603040903	Cydalima perspectalis	4532122	Cydalima	1884886	2024-03-20T00:00:00Z	50.52647	5.58595	4
4603040501	Cydalima perspectalis	4532122	Cydalima	1884886	2024-03-09T00:00:00Z	50.07462	4.54937	4
4603040434	Cydalima perspectalis	4532122	Cydalima	1884886	2024-03-07T00:00:00Z	50.09078	4.56636	30
4603040196	Cydalima perspectalis	4532122	Cydalima	1884886	2024-03-13T00:00:00Z	50.62169	3.79092	2
4603039933	Cydalima perspectalis	4532122	Cydalima	1884886	2024-03-21T00:00:00Z	50.53493	5.80872	2
4603039105	Cydalima perspectalis	4532122	Cydalima	1884886	2024-02-25T00:00:00Z	50.53	5.21614	999
4603038784	Cydalima perspectalis	4532122	Cydalima	1884886	2024-02-16T00:00:00Z	50.27454	4.90137	3
4603038464	Cydalima perspectalis	4532122	Cydalima	1884886	2024-02-02T00:00:00Z	49.99722	4.65625	999
4603037702	Cydalima perspectalis	4532122	Cydalima	1884886	2024-02-10T00:00:00Z	50.08911	4.56207	30
4603037551	Cydalima perspectalis	4532122	Cydalima	1884886	2024-02-02T00:00:00Z	49.99744	4.65595	30
4601390913	Cydalima perspectalis	4532122	Cydalima	1884886	2024-03-31T00:00:00Z	51.08463	4.90401	24
4601390802	Cydalima perspectalis	4532122	Cydalima	1884886	2024-03-28T00:00:00Z	50.92648	5.32553	400
4601390729	Cydalima perspectalis	4532122	Cydalima	1884886	2024-03-27T00:00:00Z	51.26806	5.10639	999
4601390727	Cydalima perspectalis	4532122	Cydalima	1884886	2024-03-27T00:00:00Z	51.30771	4.57777	5
4601390699	Cydalima perspectalis	4532122	Cydalima	1884886	2024-03-26T00:00:00Z	50.92581	5.46546	7
4601390654	Cydalima perspectalis	4532122	Cydalima	1884886	2024-03-25T00:00:00Z	50.89206	5.11563	23
4601390604	Cydalima perspectalis	4532122	Cydalima	1884886	2024-03-24T00:00:00Z	51.46351	4.47445	13
4601390379	Cydalima perspectalis	4532122	Cydalima	1884886	2024-03-17T00:00:00Z	50.99483	3.87876	25
4601389919	Cydalima perspectalis	4532122	Cydalima	1884886	2024-03-31T00:00:00Z	51.23377	4.27651	32
4601389767	Cydalima perspectalis	4532122	Cydalima	1884886	2024-03-27T00:00:00Z	50.94779	2.97642	15
4601389757	Cydalima perspectalis	4532122	Cydalima	1884886	2024-03-26T00:00:00Z	50.85744	4.69337	999
4601389742	Cydalima perspectalis	4532122	Cydalima	1884886	2024-03-26T00:00:00Z	50.92581	5.46549	9
4601389736	Cydalima perspectalis	4532122	Cydalima	1884886	2024-03-26T00:00:00Z	50.76823	5.5366	35
4601389694	Cydalima perspectalis	4532122	Cydalima	1884886	2024-03-25T00:00:00Z	51.05067	3.74041	15
4601389617	Cydalima perspectalis	4532122	Cydalima	1884886	2024-03-23T00:00:00Z	50.88308	4.73626	5
4601389616	Cydalima perspectalis	4532122	Cydalima	1884886	2024-03-22T00:00:00Z	50.77222	5.2559	6
4601389615	Cydalima perspectalis	4532122	Cydalima	1884886	2024-03-23T00:00:00Z	51.17938	5.28593	17
4601389580	Cameraria gaultheriella	5104748	Cameraria	1749401	2024-03-21T00:00:00Z	51.18274	5.11825	4
4601389448	Cydalima perspectalis	4532122	Cydalima	1884886	2024-03-20T00:00:00Z	50.99216	4.32627	13
4601389424	Cydalima perspectalis	4532122	Cydalima	1884886	2024-03-20T00:00:00Z	50.92904	3.23121	100
4601388916	Cydalima perspectalis	4532122	Cydalima	1884886	2024-03-31T00:00:00Z	51.21678	4.75405	5
4601388853	Cydalima perspectalis	4532122	Cydalima	1884886	2024-03-30T00:00:00Z	50.81558	5.14097	8
4601388759	Cydalima perspectalis	4532122	Cydalima	1884886	2024-03-27T00:00:00Z	50.86498	4.71661	4
4601388735	Cydalima perspectalis	4532122	Cydalima	1884886	2024-03-27T00:00:00Z	51.02663	3.06064	14
4601388516	Cydalima perspectalis	4532122	Cydalima	1884886	2024-03-21T00:00:00Z	51.09881	3.44486	7
4601388496	Cydalima perspectalis	4532122	Cydalima	1884886	2024-03-20T00:00:00Z	50.87303	3.83551	4
4601388472	Cydalima perspectalis	4532122	Cydalima	1884886	2024-03-20T00:00:00Z	51.27855	3.2446	999
4601388425	Cydalima perspectalis	4532122	Cydalima	1884886	2024-03-20T00:00:00Z	50.98357	3.97556	9
4601388419	Cydalima perspectalis	4532122	Cydalima	1884886	2024-03-14T00:00:00Z	50.8223	5.25706	4
4601387829	Cydalima perspectalis	4532122	Cydalima	1884886	2024-03-30T00:00:00Z	50.79517	4.98391	20
4601387827	Cydalima perspectalis	4532122	Cydalima	1884886	2024-03-30T00:00:00Z	51.08551	3.43452	5
4601387473	Cydalima perspectalis	4532122	Cydalima	1884886	2024-03-21T00:00:00Z	50.94739	3.24862	6
4601387472	Cydalima perspectalis	4532122	Cydalima	1884886	2024-03-21T00:00:00Z	50.81306	5.36863	999
4601387384	Cydalima perspectalis	4532122	Cydalima	1884886	2024-03-19T00:00:00Z	51.0755	4.27921	6
4601387317	Cydalima perspectalis	4532122	Cydalima	1884886	2024-03-18T00:00:00Z	50.87502	4.75184	999
4601386901	Cydalima perspectalis	4532122	Cydalima	1884886	2024-03-31T00:00:00Z	50.90613	4.67457	19
4601386875	Cydalima perspectalis	4532122	Cydalima	1884886	2024-03-31T00:00:00Z	50.82933	5.5393	14
4601386861	Cydalima perspectalis	4532122	Cydalima	1884886	2024-03-30T00:00:00Z	51.13628	4.33819	4
4601386765	Cydalima perspectalis	4532122	Cydalima	1884886	2024-03-27T00:00:00Z	51.13152	3.66948	8
4601385901	Cydalima perspectalis	4532122	Cydalima	1884886	2024-03-31T00:00:00Z	50.93863	4.30901	12
4601385826	Cydalima perspectalis	4532122	Cydalima	1884886	2024-03-30T00:00:00Z	51.21947	4.69703	32
4601385604	Cydalima perspectalis	4532122	Cydalima	1884886	2024-03-24T00:00:00Z	51.28958	5.18972	5
4601385444	Cydalima perspectalis	4532122	Cydalima	1884886	2024-03-20T00:00:00Z	51.03583	3.72298	7
4601384914	Cydalima perspectalis	4532122	Cydalima	1884886	2024-03-31T00:00:00Z	50.82986	5.53752	5
4601384865	Cydalima perspectalis	4532122	Cydalima	1884886	2024-03-30T00:00:00Z	51.11437	5.15593	4
4601384767	Cydalima perspectalis	4532122	Cydalima	1884886	2024-03-27T00:00:00Z	50.76819	5.53683	6
4601384598	Cydalima perspectalis	4532122	Cydalima	1884886	2024-03-23T00:00:00Z	50.80105	4.55559	60
4601384538	Cydalima perspectalis	4532122	Cydalima	1884886	2024-03-22T00:00:00Z	51.06503	3.63727	999
4601384535	Cydalima perspectalis	4532122	Cydalima	1884886	2024-03-22T00:00:00Z	51.01974	4.4678	6
4601383869	Cydalima perspectalis	4532122	Cydalima	1884886	2024-03-30T00:00:00Z	50.87479	4.72038	13
4601383806	Cydalima perspectalis	4532122	Cydalima	1884886	2024-03-28T00:00:00Z	50.93681	4.6389	22
4601383459	Anthophila nemorana	5123474	Anthophila	5123443	2024-03-20T00:00:00Z	51.10049	4.26877	6
4601383432	Cydalima perspectalis	4532122	Cydalima	1884886	2024-03-19T00:00:00Z	50.82248	5.25667	4
4601383413	Cydalima perspectalis	4532122	Cydalima	1884886	2024-03-19T00:00:00Z	50.81302	5.36877	999
4601382730	Cydalima perspectalis	4532122	Cydalima	1884886	2024-03-26T00:00:00Z	50.89919	4.72117	999
4601382656	Cydalima perspectalis	4532122	Cydalima	1884886	2024-03-24T00:00:00Z	51.01131	4.4439	6
4601382523	Cydalima perspectalis	4532122	Cydalima	1884886	2024-03-21T00:00:00Z	50.95732	4.60982	24
4601382465	Cydalima perspectalis	4532122	Cydalima	1884886	2024-03-20T00:00:00Z	50.78638	4.50742	5
4601382437	Cydalima perspectalis	4532122	Cydalima	1884886	2024-03-19T00:00:00Z	51.05065	4.3803	25
4601382435	Cydalima perspectalis	4532122	Cydalima	1884886	2024-03-14T00:00:00Z	50.82229	5.25704	4
4601381790	Cydalima perspectalis	4532122	Cydalima	1884886	2024-03-27T00:00:00Z	51.35538	4.45471	999
4601381750	Cydalima perspectalis	4532122	Cydalima	1884886	2024-03-26T00:00:00Z	51.01936	3.68068	9
4601381744	Cydalima perspectalis	4532122	Cydalima	1884886	2024-03-26T00:00:00Z	50.75429	5.49722	15
4601381643	Cydalima perspectalis	4532122	Cydalima	1884886	2024-03-24T00:00:00Z	50.87923	4.71149	24
4600206029	Eupsilia transversa	1758878	Eupsilia	1758873	2024-03-26T14:23:00Z	50.602335	6.121141	50
4600190427	Aglais io	4535827	Aglais	1894779	2024-03-22T15:44:56Z	50.210925	4.967995	4
4600188565	Aglais io	4535827	Aglais	1894779	2024-03-25T11:59:03Z	50.766733	4.453711	4
4600185074	Pararge aegeria	8049830	Pararge	1894469	2024-03-26T14:49:35Z	50.620575	4.564003	128
4600161473	Orthosia cerasi	1798984	Orthosia	1798902	2024-03-22T00:00:00Z	50.809726	4.406579	1
4600158419	Aglais io	4535827	Aglais	1894779	2024-03-16T10:57:05Z	50.853608	2.882572	30
4600131719	Pararge aegeria	8049830	Pararge	1894469	2024-03-25T12:34:00Z	50.615925	3.79823	4
4600130654	Celastrina argiolus	1925918	Celastrina	1925804	2024-03-25T00:00:00Z	50.809094	4.406472	4
4600115049	Pyrausta despicata	1890576	Pyrausta	1890369	2024-03-26T13:02:00Z	49.664101	5.771529	1
4600098526	Orthosia miniosa	1799132	Orthosia	1798902	2024-03-22T12:05:00Z	49.664052	5.771424	104
4600087837	Polygonia c-album	1898544	Polygonia	1898474	2024-03-20T13:22:00Z	50.81482	4.277435	63
4600084719	Aglais io	4535827	Aglais	1894779	2024-03-20T13:50:35Z	50.844697	4.48949	20
4600030243	Menophra abruptaria	1988064	Menophra	1987995	2024-03-20T10:41:00Z	50.551558	5.098306	1
4600013248	Orthosia cerasi	1798984	Orthosia	1798902	2024-03-21T09:32:00Z	50.551555	5.098298	1
4599997401	Noctua pronuba	1789695	Noctua	1789671	2024-02-26T11:34:08Z	49.797163	5.006261	31
4599992238	Orthosia incerta	1799135	Orthosia	1798902	2024-03-21T09:32:00Z	50.551557	5.098294	1
4599988746	Aglais io	4535827	Aglais	1894779	2024-03-19T15:59:00Z	50.737153	4.362136	109
4599956406	Pararge aegeria	8049830	Pararge	1894469	2024-03-20T17:18:00Z	50.80701	2.986	26293
4599932041	Selenia dentaria	1962204	Selenia	1962165	2024-03-23T13:37:00Z	49.664034	5.771377	2
4599918319	Vanessa atalanta	1898286	Vanessa	1898261	2024-03-24T15:27:00Z	49.664115	5.771538	230
4599849524	Gonepteryx rhamni	1920712	Gonepteryx	1920704	2024-03-22T13:49:24Z	50.495244	5.867867	87
4599837265	Agriopis marginaria	5769068	Agriopis	3256322	2024-03-21T09:33:00Z	50.551555	5.098295	1
4599836573	Emmelina monodactyla	1859046	Emmelina	1859036	2024-03-17T16:39:35Z	51.044394	3.729278	75
4599825254	Polygonia c-album	1898544	Polygonia	1898474	2024-03-22T15:43:11Z	50.21098	4.968137	4
4599820674	Aglais io	4535827	Aglais	1894779	2024-03-22T14:32:00Z	49.664053	5.771403	2
4599745283	Anorthoa munda	6544687	Anorthoa	4407310	2024-03-20T10:41:00Z	50.551558	5.0983	1
4597602880	Aglais io	4535827	Aglais	1894779	2024-03-19T11:44:00Z	50.98476	2.86365	10
4597600892	Gonepteryx rhamni	1920712	Gonepteryx	1920704	2024-03-19T15:43:00Z	49.66407	5.771422	197
4597598476	Orthosia gothica	1798974	Orthosia	1798902	2024-03-18T18:34:00Z	49.66412	5.771618	242
4597595853	Celastrina argiolus	1925918	Celastrina	1925804	2024-03-19T13:44:00Z	49.664095	5.771529	190
4597567997	Celastrina argiolus	1925918	Celastrina	1925804	2024-03-08T16:03:00Z	51.035515	3.72216	82
4597525488	Pieris rapae	1920496	Pieris	1920481	2024-03-14T11:53:00Z	50.814453	4.440891	63
4597520697	Aglais io	4535827	Aglais	1894779	2024-03-19T12:02:40Z	51.054527	4.221668	1799
4597501736	Vanessa atalanta	1898286	Vanessa	1898261	2024-01-29T11:37:33Z	50.214603	5.293138	4
4597467986	Polygonia c-album	1898544	Polygonia	1898474	2024-03-14T15:07:00Z	50.814581	4.439641	8
4597462838	Aglais io	4535827	Aglais	1894779	2024-03-14T13:22:00Z	50.955117	2.969808	26293
4597441569	Agonopterix arenella	1840581	Agonopterix	1840273	2024-03-09T14:16:56Z	50.844639	3.775414	6
4597372069	Callimorpha dominula	4532534	Callimorpha	8936210	2024-03-09T15:04:16Z	50.765315	4.431568	78
4597363755	Phlogophora meticulosa	1782560	Phlogophora	1782524	2024-03-08T18:59:47Z	49.797067	5.006189	12
4597360480	Nymphalis polychloros	7762841	Nymphalis	5130576	2024-03-07T13:39:01Z	50.399851	5.077246	9
4597345976	Gonepteryx rhamni	1920712	Gonepteryx	1920704	2024-03-09T15:27:00Z	51.168003	4.432114	177
4597320914	Emmelina monodactyla	1859046	Emmelina	1859036	2024-03-04T08:13:56Z	50.598617	4.239013	26357
4597269050	Aglais io	4535827	Aglais	1894779	2024-03-04T12:29:00Z	51.252345	3.057863	94
4597192858	Pieris rapae	1920496	Pieris	1920481	2024-03-19T11:25:00Z	49.66407	5.771479	4
4597181800	Aglais io	4535827	Aglais	1894779	2024-03-19T15:15:00Z	51.003761	4.590268	996
4597172777	Polygonia c-album	1898544	Polygonia	1898474	2024-03-18T14:54:00Z	50.886642	2.980772	26293
4597171570	Polygonia c-album	1898544	Polygonia	1898474	2024-03-18T13:24:11Z	50.659307	4.585336	116
4597166851	Anthocharis cardamines	1919712	Anthocharis	1919696	2024-03-19T15:03:24Z	50.813045	4.398076	9
4597157744	Celastrina argiolus	1925918	Celastrina	1925804	2024-03-19T15:14:00Z	51.003761	4.590268	948
4597151915	Gonepteryx rhamni	1920712	Gonepteryx	1920704	2024-03-19T13:50:00Z	49.66406	5.77138	97
4597132076	Pararge aegeria	8049830	Pararge	1894469	2024-03-14T13:52:00Z	51.035515	3.72216	82
4597120481	Diurnea fagella	1841296	Diurnea	1841294	2024-03-16T13:10:00Z	49.664277	5.772129	4
4597101824	Gymnoscelis rufifasciata	1992066	Gymnoscelis	1991946	2024-03-17T08:58:00Z	50.551555	5.098326	1
4597079134	Aglais io	4535827	Aglais	1894779	2024-03-14T14:29:00Z	51.035515	3.72216	82
4597073080	Aglais io	4535827	Aglais	1894779	2024-03-14T14:06:00Z	51.035515	3.72216	82
4597072426	Pararge aegeria	8049830	Pararge	1894469	2024-03-16T15:16:47Z	51.005561	4.148148	10
4597070066	Polygonia c-album	1898544	Polygonia	1898474	2024-03-14T14:13:00Z	51.035515	3.72216	82
4597060967	Orthosia gothica	1798974	Orthosia	1798902	2024-03-14T11:41:00Z	49.66406	5.771355	57
4597043848	Polygonia c-album	1898544	Polygonia	1898474	2024-03-14T16:51:00Z	51.168003	4.432114	177
4597042248	Eupithecia abbreviata	1984117	Eupithecia	1982367	2024-03-15T18:32:35Z	50.84465	4.489593	30
4597016008	Aglais io	4535827	Aglais	1894779	2024-03-14T15:09:00Z	50.814586	4.439617	8
4597001925	Polygonia c-album	1898544	Polygonia	1898474	2024-03-14T14:07:00Z	50.9255	4.32905	5
4597001307	Ectropis crepuscularia	8421569	Ectropis	1980718	2024-03-12T22:11:17Z	50.467149	4.328218	22
4596921984	Nymphalis polychloros	7762841	Nymphalis	5130576	2024-03-08T16:57:00Z	51.168003	4.432114	177
4596921743	Gymnoscelis rufifasciata	1992066	Gymnoscelis	1991946	2024-03-08T18:49:03Z	51.049347	3.729831	240
4596893048	Aglais io	4535827	Aglais	1894779	2024-03-09T11:35:00Z	50.828938	3.289244	80
4539972496	Cydalima perspectalis	4532122	Cydalima	1884886	2024-03-15T00:00:00Z	50.77515	3.48898	5
4539971606	Cydalima perspectalis	4532122	Cydalima	1884886	2024-03-16T00:00:00Z	50.92456	4.75237	5
4539971570	Cydalima perspectalis	4532122	Cydalima	1884886	2024-03-16T00:00:00Z	50.89805	4.78294	5
4539971441	Cydalima perspectalis	4532122	Cydalima	1884886	2024-03-14T00:00:00Z	51.29425	3.19711	25
4539971422	Morpho menelaus	5133523	Morpho	1909888	2024-03-14T00:00:00Z	51.15969	4.8018	4
4539969500	Cydalima perspectalis	4532122	Cydalima	1884886	2024-03-16T00:00:00Z	50.7952	4.98395	53
4539969489	Cacyreus marshalli	1932752	Cacyreus	1932749	2024-03-14T00:00:00Z	50.88682	4.34699	30
4539969365	Cydalima perspectalis	4532122	Cydalima	1884886	2024-03-13T00:00:00Z	51.01312	3.76833	18
4539966584	Cydalima perspectalis	4532122	Cydalima	1884886	2024-03-17T00:00:00Z	51.07059	5.76537	5
4539963590	Cydalima perspectalis	4532122	Cydalima	1884886	2024-03-16T00:00:00Z	50.9246	4.75232	5
4539963589	Cydalima perspectalis	4532122	Cydalima	1884886	2024-03-16T00:00:00Z	50.9246	4.75231	5
4539963588	Cydalima perspectalis	4532122	Cydalima	1884886	2024-03-16T00:00:00Z	50.92456	4.75233	5
4539963466	Cydalima perspectalis	4532122	Cydalima	1884886	2024-03-14T00:00:00Z	50.82228	5.25691	5
4537707630	Cydalima perspectalis	4532122	Cydalima	1884886	2024-03-10T00:00:00Z	51.10179	4.99212	4
4537706436	Cydalima perspectalis	4532122	Cydalima	1884886	2024-03-06T00:00:00Z	51.05862	5.30657	5
4537704478	Cydalima perspectalis	4532122	Cydalima	1884886	2024-03-07T00:00:00Z	51.06412	3.77415	25
4537703659	Cydalima perspectalis	4532122	Cydalima	1884886	2024-03-05T00:00:00Z	51.14164	4.62187	7
4537703414	Cydalima perspectalis	4532122	Cydalima	1884886	2024-03-06T00:00:00Z	51.08467	4.73598	4
4537703329	Cydalima perspectalis	4532122	Cydalima	1884886	2024-03-04T00:00:00Z	51.08475	4.73605	999
4536018062	Conistra vaccinii	1768702	Conistra	1768691	2024-03-02T12:44:42Z	50.231665	5.525584	8
4535994156	Aglais io	4535827	Aglais	1894779	2024-03-04T14:33:00Z	50.816058	4.277866	100
4535926812	Agriopis marginaria	5769068	Agriopis	3256322	2024-02-28T13:06:00Z	49.664064	5.771391	15
4535895498	Plodia interpunctella	1873079	Plodia	1873074	2024-02-27T22:58:01Z	51.31323	5.201682	26229
4535780436	Polygonia c-album	1898544	Polygonia	1898474	2024-03-04T12:57:00Z	50.792658	4.411841	24
4535754181	Aglais io	4535827	Aglais	1894779	2024-03-04T15:54:00Z	51.168003	4.432114	177
4535748029	Gymnoscelis rufifasciata	1992066	Gymnoscelis	1991946	2024-03-04T08:15:12Z	51.193917	5.254233	9
4535745692	Diurnea fagella	1841296	Diurnea	1841294	2024-03-03T15:41:00Z	49.664033	5.77137	8
4532942385	Cydalima perspectalis	4532122	Cydalima	1884886	2024-02-27T00:00:00Z	51.05859	5.3066700000000004	5
4532941345	Cydalima perspectalis	4532122	Cydalima	1884886	2024-02-16T00:00:00Z	51.19153	3.2388	8
4532935348	Phthorimaea absoluta	4528100	Phthorimaea	12047421	2024-02-16T00:00:00Z	51.20191	4.45915	1000
4528396337	Gonepteryx rhamni	1920712	Gonepteryx	1920704	2024-02-27T14:34:00Z	51.03797	4.30052	5
4528325874	Psyche casta	1854202	Psyche	1854160	2024-02-25T21:41:48Z	50.593498	3.412016	100
4528319662	Orthosia cerasi	1798984	Orthosia	1798902	2024-02-25T15:15:21Z	51.042196	3.732435	64
4528306744	Plodia interpunctella	1873079	Plodia	1873074	2024-02-25T19:50:00Z	50.793574	4.418571	100
4528261824	Agriopis marginaria	5769068	Agriopis	3256322	2024-02-22T16:18:00Z	50.93799	4.164264	26293
4528054803	Anania hortulata	8858121	Anania	7739898	2024-02-25T19:19:00Z	49.664189	5.772318	8
4528043735	Plodia interpunctella	1873079	Plodia	1873074	2024-02-25T19:21:00Z	49.664191	5.772294	168
4528043719	Emmelina monodactyla	1859046	Emmelina	1859036	2024-02-25T12:13:19Z	50.994472	5.3711	48
4528015530	Pieris rapae	1920496	Pieris	1920481	2024-02-21T19:58:25Z	51.111023	4.331247	35
4527994009	Agriopis marginaria	5769068	Agriopis	3256322	2024-02-19T22:28:02Z	50.682087	3.406033	4
4527990001	Orthosia cerasi	1798984	Orthosia	1798902	2024-02-23T14:37:00Z	50.799231	4.417219	100
4527987484	Emmelina monodactyla	1859046	Emmelina	1859036	2024-02-21T13:33:06Z	50.481709	4.202317	228
4526767552	Cydalima perspectalis	4532122	Cydalima	1884886	2024-02-25T00:00:00Z	50.82229	5.25689	12
4526767544	Cydalima perspectalis	4532122	Cydalima	1884886	2024-02-25T00:00:00Z	51.29736	3.19057	4
4526766499	Cydalima perspectalis	4532122	Cydalima	1884886	2024-02-24T00:00:00Z	51.00992	4.42437	8
4526765503	Cydalima perspectalis	4532122	Cydalima	1884886	2024-02-24T00:00:00Z	50.7964	3.18381	12
4526716286	Gonepteryx rhamni	1920712	Gonepteryx	1920704	2024-01-29T00:00:00Z	50.69054	6.134355	250
4525352990	Vanessa atalanta	1898286	Vanessa	1898261	2024-02-20T11:24:00Z	50.737129	4.362042	1
4525248126	Gonepteryx rhamni	1920712	Gonepteryx	1920704	2024-02-17T00:00:00Z	50.111261	5.185	31
4525220620	Gonepteryx rhamni	1920712	Gonepteryx	1920704	2024-02-17T14:05:00Z	50.590888	4.530788	4
4525214819	Agriopis marginaria	5769068	Agriopis	3256322	2024-02-16T02:41:00Z	49.664179	5.772321	4
4525211366	Luffia lapidella	1854287	Luffia	1854280	2024-02-15T17:58:56Z	51.212803	2.933428	228
4525209502	Gonepteryx rhamni	1920712	Gonepteryx	1920704	2024-02-17T14:50:00Z	50.59117	4.530791	4
4525173950	Emmelina monodactyla	1859046	Emmelina	1859036	2024-02-17T09:09:50Z	51.103302	4.78908	8
4525140143	Emmelina monodactyla	1859046	Emmelina	1859036	2024-02-16T16:09:17Z	51.193883	5.253753	4
4525135405	Polygonia c-album	1898544	Polygonia	1898474	2024-02-15T15:38:33Z	50.466137	4.435981	48
4524084490	Cydalima perspectalis	4532122	Cydalima	1884886	2024-02-17T00:00:00Z	51.32506	4.4957	999
4524081446	Cydalima perspectalis	4532122	Cydalima	1884886	2024-02-16T00:00:00Z	50.96988	3.93789	28
4524081319	Cydalima perspectalis	4532122	Cydalima	1884886	2024-02-12T00:00:00Z	51.17831	4.41561	46
4524079399	Phthorimaea absoluta	4528100	Phthorimaea	12047421	2024-02-14T00:00:00Z	51.129	4.49668	5
4524077511	Cydalima perspectalis	4532122	Cydalima	1884886	2024-02-17T00:00:00Z	50.82246	5.25669	5
4524077399	Cydalima perspectalis	4532122	Cydalima	1884886	2024-02-15T00:00:00Z	51.2264	2.96868	999
4524076503	Cydalima perspectalis	4532122	Cydalima	1884886	2024-02-17T00:00:00Z	51.32511	4.49581	999
4524075426	Cydalima perspectalis	4532122	Cydalima	1884886	2024-02-15T00:00:00Z	50.84018	4.76506	999
4522848379	Agriopis marginaria	5769068	Agriopis	3256322	2024-02-12T22:41:12Z	50.601772	4.49122	5
4522797625	Lasiocampa quercus	1734826	Lasiocampa	1734683	2024-02-10T10:35:04Z	50.275234	4.947838	105
4522789294	Phigalia pilosaria	4524740	Phigalia	3257150	2024-02-13T12:40:25Z	51.193753	5.253478	4
4522746576	Lymantria dispar	1820406	Lymantria	1820270	2024-02-10T10:38:52Z	50.275291	4.947768	79
4522740625	Lymantria dispar	1820406	Lymantria	1820270	2024-02-10T00:00:00Z	50.27533	4.94739	31
4522727463	Lasiocampa quercus	1734826	Lasiocampa	1734683	2024-02-10T00:00:00Z	50.275206	4.947411	31
4522644823	Mimas tiliae	5123922	Mimas	1863292	2024-02-09T00:00:00Z	50.820556	4.444722	61
4522534171	Lymantria dispar	1820406	Lymantria	1820270	2024-01-26T00:00:00Z	50.822824	4.64011	61
4521024459	Cydalima perspectalis	4532122	Cydalima	1884886	2024-02-10T00:00:00Z	50.88638	4.73325	10
4521019536	Cydalima perspectalis	4532122	Cydalima	1884886	2024-02-11T00:00:00Z	50.93349	4.37208	3
4521017533	Cydalima perspectalis	4532122	Cydalima	1884886	2024-02-11T00:00:00Z	51.00408	4.89299	3
4521017525	Anthophila nemorana	5123474	Anthophila	5123443	2024-02-10T00:00:00Z	50.87922	3.31348	999
4519614092	Cydalima perspectalis	4532122	Cydalima	1884886	2024-01-28T00:00:00Z	51.07006	3.46125	6
4519613861	Cydalima perspectalis	4532122	Cydalima	1884886	2024-01-21T00:00:00Z	51.2084	2.88386	20
4519611161	Anthophila nemorana	5123474	Anthophila	5123443	2024-01-29T00:00:00Z	51.19047	3.57051	17
4519610190	Cydalima perspectalis	4532122	Cydalima	1884886	2024-01-31T00:00:00Z	51.17407	3.94418	999
4519610189	Cydalima perspectalis	4532122	Cydalima	1884886	2024-01-31T00:00:00Z	51.17408	3.94419	999
4519231504	Emmelina monodactyla	1859046	Emmelina	1859036	2024-02-02T17:14:37Z	51.193937	5.254975	20
4518298016	Cydalima perspectalis	4532122	Cydalima	1884886	2024-01-06T00:00:00Z	50.34237	5.49136	9
4516706040	Idaea seriata	5147039	Idaea	1973909	2024-01-20T23:04:56Z	51.058416	4.282436	215
4512251067	Phlogophora meticulosa	1782560	Phlogophora	1782524	2024-01-09T12:55:00Z	50.326237	5.003666	26
4510445527	Plodia interpunctella	1873079	Plodia	1873074	2024-01-09T17:54:18Z	51.324471	5.255861	26229
4510334867	Hypena rostralis	1798594	Hypena	1798514	2024-01-03T21:27:24Z	51.250396	5.372385	41
4509015644	Phyllocnistis citrella	1749580	Phyllocnistis	8057237	2024-01-07T00:00:00Z	50.75937	4.15719	15
4509013752	Cydalima perspectalis	4532122	Cydalima	1884886	2024-01-07T00:00:00Z	50.76245	3.8074	999
4509010737	Cydalima perspectalis	4532122	Cydalima	1884886	2024-01-07T00:00:00Z	50.7624	3.80744	16
